drugid,targetid,label
0,0,1
0,10,1
0,11,1
0,12,1
0,22,1
0,24,1
0,36,1
0,38,1
0,39,1
0,40,1
0,41,1
0,42,1
0,43,1
0,44,1
0,48,1
0,49,1
0,51,1
0,54,1
0,55,1
0,56,1
0,58,1
0,59,1
0,60,1
0,62,1
0,63,1
0,64,1
0,65,1
0,66,1
0,67,1
0,70,1
0,71,1
0,72,1
0,73,1
0,74,1
0,75,1
0,76,1
0,77,1
0,78,1
0,80,1
0,81,1
0,82,1
0,89,1
0,90,1
0,91,1
0,92,1
0,93,1
0,94,1
0,95,1
0,119,1
0,130,1
0,134,1
0,137,1
0,138,1
0,139,1
0,140,1
0,142,1
0,143,1
0,144,1
0,145,1
0,148,1
0,155,1
0,157,1
0,161,1
0,166,1
0,167,1
0,173,1
0,183,1
0,185,1
0,196,1
0,200,1
0,203,1
0,206,1
0,207,1
0,211,1
0,212,1
0,215,1
0,220,1
0,222,1
0,243,1
0,244,1
0,246,1
0,247,1
0,248,1
0,249,1
0,250,1
0,251,1
0,257,1
0,258,1
0,259,1
0,260,1
0,267,1
0,268,1
0,269,1
0,270,1
0,271,1
0,273,1
0,275,1
0,276,1
0,278,1
0,279,1
0,285,1
0,286,1
0,287,1
0,289,1
0,292,1
0,293,1
0,294,1
0,295,1
0,296,1
0,297,1
0,302,1
0,303,1
0,304,1
0,309,1
0,318,1
0,321,1
0,325,1
0,329,1
0,330,1
0,331,1
0,333,1
0,338,1
0,339,1
0,340,1
0,341,1
0,351,1
0,364,1
0,365,1
0,368,1
0,376,1
1,68,1
1,86,1
1,87,1
1,100,1
1,103,1
1,104,1
1,110,1
1,119,1
1,129,1
1,130,1
1,131,1
1,132,1
1,145,1
1,165,1
1,168,1
1,172,1
1,175,1
1,185,1
1,186,1
1,206,1
1,207,1
1,219,1
1,252,1
1,253,1
1,301,1
1,305,1
1,306,1
1,324,1
1,338,1
1,347,1
1,351,1
1,355,1
1,356,1
1,357,1
1,367,1
1,376,1
2,1,1
2,2,1
2,6,1
2,13,1
2,14,1
2,16,1
2,19,1
2,21,1
2,22,1
2,23,1
2,25,1
2,29,1
2,30,1
2,35,1
2,36,1
2,42,1
2,43,1
2,44,1
2,46,1
2,47,1
2,48,1
2,49,1
2,50,1
2,51,1
2,52,1
2,53,1
2,54,1
2,55,1
2,56,1
2,57,1
2,58,1
2,59,1
2,60,1
2,62,1
2,63,1
2,64,1
2,65,1
2,66,1
2,67,1
2,68,1
2,69,1
2,72,1
2,73,1
2,74,1
2,75,1
2,76,1
2,79,1
2,82,1
2,86,1
2,87,1
2,88,1
2,95,1
2,96,1
2,98,1
2,99,1
2,100,1
2,101,1
2,102,1
2,103,1
2,104,1
2,105,1
2,106,1
2,107,1
2,119,1
2,120,1
2,122,1
2,123,1
2,124,1
2,125,1
2,126,1
2,127,1
2,128,1
2,129,1
2,130,1
2,131,1
2,132,1
2,133,1
2,134,1
2,139,1
2,141,1
2,142,1
2,143,1
2,144,1
2,145,1
2,146,1
2,148,1
2,150,1
2,151,1
2,153,1
2,154,1
2,155,1
2,158,1
2,159,1
2,160,1
2,161,1
2,162,1
2,163,1
2,164,1
2,165,1
2,166,1
2,167,1
2,168,1
2,169,1
2,170,1
2,172,1
2,173,1
2,174,1
2,175,1
2,176,1
2,177,1
2,178,1
2,180,1
2,183,1
2,184,1
2,185,1
2,186,1
2,196,1
2,197,1
2,198,1
2,200,1
2,201,1
2,202,1
2,203,1
2,204,1
2,205,1
2,206,1
2,210,1
2,213,1
2,214,1
2,215,1
2,216,1
2,219,1
2,221,1
2,223,1
2,224,1
2,226,1
2,227,1
2,231,1
2,232,1
2,233,1
2,235,1
2,237,1
2,239,1
2,240,1
2,241,1
2,242,1
2,245,1
2,249,1
2,250,1
2,251,1
2,252,1
2,253,1
2,255,1
2,257,1
2,258,1
2,275,1
2,276,1
2,283,1
2,289,1
2,290,1
2,291,1
2,292,1
2,295,1
2,296,1
2,298,1
2,300,1
2,301,1
2,303,1
2,305,1
2,306,1
2,307,1
2,308,1
2,309,1
2,310,1
2,311,1
2,312,1
2,313,1
2,318,1
2,321,1
2,322,1
2,324,1
2,327,1
2,328,1
2,333,1
2,334,1
2,335,1
2,336,1
2,337,1
2,338,1
2,339,1
2,340,1
2,341,1
2,344,1
2,346,1
2,347,1
2,348,1
2,351,1
2,352,1
2,354,1
2,355,1
2,356,1
2,357,1
2,360,1
2,362,1
2,364,1
2,365,1
2,366,1
2,367,1
2,374,1
2,375,1
2,376,1
2,377,1
3,44,1
3,45,1
3,46,1
3,47,1
3,48,1
3,49,1
3,50,1
3,51,1
3,52,1
3,53,1
3,54,1
3,56,1
3,58,1
3,60,1
3,64,1
3,65,1
3,66,1
3,67,1
3,84,1
3,85,1
3,89,1
3,93,1
3,94,1
3,95,1
3,118,1
3,119,1
3,139,1
3,140,1
3,148,1
3,177,1
3,249,1
3,250,1
3,251,1
3,257,1
3,258,1
3,324,1
3,339,1
3,340,1
3,341,1
3,349,1
4,1,1
4,23,1
4,25,1
4,63,1
4,73,1
4,91,1
4,93,1
4,94,1
4,95,1
4,96,1
4,103,1
4,110,1
4,111,1
4,112,1
4,113,1
4,132,1
4,134,1
4,141,1
4,145,1
4,155,1
4,163,1
4,164,1
4,168,1
4,172,1
4,198,1
4,202,1
4,205,1
4,206,1
4,239,1
4,259,1
4,260,1
4,306,1
4,319,1
4,324,1
4,327,1
4,361,1
5,0,1
5,1,1
5,3,1
5,5,1
5,6,1
5,7,1
5,13,1
5,23,1
5,27,1
5,38,1
5,39,1
5,40,1
5,41,1
5,42,1
5,43,1
5,44,1
5,48,1
5,49,1
5,50,1
5,51,1
5,52,1
5,53,1
5,54,1
5,55,1
5,56,1
5,60,1
5,63,1
5,64,1
5,65,1
5,66,1
5,68,1
5,70,1
5,71,1
5,74,1
5,83,1
5,85,1
5,89,1
5,91,1
5,92,1
5,93,1
5,94,1
5,96,1
5,97,1
5,98,1
5,99,1
5,100,1
5,102,1
5,106,1
5,112,1
5,113,1
5,118,1
5,119,1
5,132,1
5,134,1
5,136,1
5,138,1
5,139,1
5,140,1
5,142,1
5,143,1
5,144,1
5,145,1
5,146,1
5,148,1
5,152,1
5,155,1
5,157,1
5,160,1
5,161,1
5,162,1
5,164,1
5,173,1
5,174,1
5,177,1
5,180,1
5,181,1
5,183,1
5,184,1
5,196,1
5,197,1
5,198,1
5,201,1
5,203,1
5,206,1
5,208,1
5,209,1
5,211,1
5,212,1
5,215,1
5,249,1
5,250,1
5,251,1
5,252,1
5,256,1
5,257,1
5,258,1
5,259,1
5,260,1
5,268,1
5,269,1
5,270,1
5,272,1
5,274,1
5,278,1
5,284,1
5,285,1
5,286,1
5,287,1
5,289,1
5,290,1
5,291,1
5,292,1
5,295,1
5,298,1
5,308,1
5,309,1
5,310,1
5,312,1
5,314,1
5,315,1
5,316,1
5,317,1
5,318,1
5,325,1
5,328,1
5,333,1
5,334,1
5,338,1
5,339,1
5,340,1
5,341,1
5,342,1
5,346,1
5,354,1
5,362,1
5,365,1
5,368,1
5,371,1
6,0,1
6,1,1
6,2,1
6,6,1
6,16,1
6,20,1
6,21,1
6,22,1
6,23,1
6,24,1
6,25,1
6,27,1
6,43,1
6,44,1
6,58,1
6,68,1
6,69,1
6,78,1
6,86,1
6,87,1
6,88,1
6,110,1
6,124,1
6,125,1
6,126,1
6,128,1
6,129,1
6,130,1
6,131,1
6,134,1
6,137,1
6,146,1
6,147,1
6,155,1
6,158,1
6,160,1
6,161,1
6,162,1
6,164,1
6,165,1
6,168,1
6,172,1
6,173,1
6,181,1
6,182,1
6,183,1
6,184,1
6,185,1
6,186,1
6,194,1
6,195,1
6,198,1
6,201,1
6,202,1
6,203,1
6,207,1
6,208,1
6,212,1
6,213,1
6,215,1
6,221,1
6,223,1
6,246,1
6,249,1
6,252,1
6,253,1
6,279,1
6,284,1
6,295,1
6,301,1
6,302,1
6,304,1
6,305,1
6,306,1
6,307,1
6,311,1
6,322,1
6,324,1
6,325,1
6,329,1
6,331,1
6,332,1
6,344,1
6,347,1
6,348,1
6,351,1
6,352,1
6,353,1
6,355,1
6,360,1
6,361,1
6,362,1
6,365,1
6,366,1
6,367,1
6,374,1
6,376,1
6,377,1
7,0,1
7,13,1
7,36,1
7,38,1
7,39,1
7,40,1
7,41,1
7,43,1
7,44,1
7,54,1
7,62,1
7,63,1
7,64,1
7,65,1
7,66,1
7,70,1
7,72,1
7,73,1
7,74,1
7,75,1
7,76,1
7,80,1
7,81,1
7,82,1
7,83,1
7,89,1
7,96,1
7,118,1
7,121,1
7,123,1
7,134,1
7,138,1
7,142,1
7,143,1
7,144,1
7,145,1
7,147,1
7,155,1
7,157,1
7,164,1
7,172,1
7,174,1
7,201,1
7,202,1
7,203,1
7,220,1
7,223,1
7,224,1
7,229,1
7,230,1
7,234,1
7,236,1
7,260,1
7,265,1
7,274,1
7,281,1
7,282,1
7,283,1
7,290,1
7,291,1
7,292,1
7,295,1
7,298,1
7,302,1
7,304,1
7,314,1
7,324,1
7,332,1
7,333,1
7,337,1
7,341,1
7,360,1
7,376,1
8,46,1
8,47,1
8,48,1
8,54,1
8,56,1
8,85,1
8,95,1
8,116,1
8,118,1
8,119,1
8,120,1
8,145,1
8,150,1
8,151,1
8,222,1
8,249,1
8,280,1
8,290,1
8,335,1
8,376,1
9,0,1
9,1,1
9,16,1
9,20,1
9,21,1
9,22,1
9,23,1
9,25,1
9,34,1
9,46,1
9,47,1
9,48,1
9,54,1
9,58,1
9,62,1
9,63,1
9,68,1
9,69,1
9,86,1
9,87,1
9,96,1
9,97,1
9,110,1
9,111,1
9,113,1
9,129,1
9,130,1
9,131,1
9,141,1
9,143,1
9,144,1
9,145,1
9,156,1
9,165,1
9,168,1
9,172,1
9,174,1
9,175,1
9,186,1
9,194,1
9,195,1
9,198,1
9,206,1
9,219,1
9,249,1
9,252,1
9,253,1
9,284,1
9,301,1
9,306,1
9,308,1
9,318,1
9,328,1
9,335,1
9,338,1
9,347,1
9,348,1
9,351,1
9,360,1
9,367,1
9,374,1
9,376,1
9,377,1
10,0,1
10,1,1
10,2,1
10,13,1
10,14,1
10,16,1
10,17,1
10,23,1
10,24,1
10,25,1
10,28,1
10,29,1
10,34,1
10,36,1
10,38,1
10,41,1
10,44,1
10,45,1
10,54,1
10,61,1
10,62,1
10,63,1
10,64,1
10,65,1
10,66,1
10,67,1
10,68,1
10,69,1
10,70,1
10,71,1
10,72,1
10,73,1
10,79,1
10,85,1
10,86,1
10,87,1
10,88,1
10,89,1
10,96,1
10,97,1
10,98,1
10,99,1
10,100,1
10,101,1
10,102,1
10,103,1
10,105,1
10,106,1
10,107,1
10,108,1
10,109,1
10,110,1
10,111,1
10,112,1
10,113,1
10,118,1
10,121,1
10,122,1
10,123,1
10,128,1
10,130,1
10,132,1
10,133,1
10,134,1
10,135,1
10,137,1
10,138,1
10,141,1
10,142,1
10,143,1
10,144,1
10,145,1
10,146,1
10,147,1
10,152,1
10,155,1
10,157,1
10,158,1
10,160,1
10,161,1
10,165,1
10,168,1
10,172,1
10,173,1
10,174,1
10,175,1
10,176,1
10,178,1
10,180,1
10,181,1
10,182,1
10,183,1
10,184,1
10,185,1
10,186,1
10,193,1
10,194,1
10,195,1
10,196,1
10,197,1
10,198,1
10,199,1
10,201,1
10,202,1
10,203,1
10,204,1
10,208,1
10,210,1
10,213,1
10,214,1
10,215,1
10,216,1
10,217,1
10,220,1
10,223,1
10,224,1
10,228,1
10,229,1
10,236,1
10,237,1
10,243,1
10,244,1
10,245,1
10,249,1
10,252,1
10,253,1
10,257,1
10,258,1
10,259,1
10,260,1
10,271,1
10,277,1
10,278,1
10,279,1
10,280,1
10,281,1
10,282,1
10,285,1
10,286,1
10,289,1
10,292,1
10,298,1
10,299,1
10,301,1
10,302,1
10,304,1
10,306,1
10,308,1
10,309,1
10,310,1
10,315,1
10,316,1
10,317,1
10,318,1
10,322,1
10,323,1
10,324,1
10,325,1
10,327,1
10,328,1
10,331,1
10,333,1
10,334,1
10,335,1
10,336,1
10,337,1
10,338,1
10,339,1
10,340,1
10,341,1
10,342,1
10,343,1
10,347,1
10,348,1
10,349,1
10,350,1
10,351,1
10,353,1
10,354,1
10,355,1
10,356,1
10,357,1
10,359,1
10,361,1
10,362,1
10,363,1
10,364,1
10,365,1
10,366,1
10,368,1
10,369,1
10,370,1
10,371,1
10,374,1
10,375,1
10,376,1
10,377,1
10,378,1
11,1,1
11,2,1
11,25,1
11,68,1
11,86,1
11,103,1
11,104,1
11,110,1
11,124,1
11,125,1
11,126,1
11,127,1
11,129,1
11,131,1
11,141,1
11,165,1
11,168,1
11,172,1
11,185,1
11,186,1
11,198,1
11,203,1
11,252,1
11,253,1
11,301,1
11,306,1
11,324,1
11,327,1
11,333,1
11,334,1
11,347,1
11,348,1
11,351,1
11,367,1
11,372,1
11,376,1
12,1,1
12,2,1
12,14,1
12,25,1
12,30,1
12,31,1
12,49,1
12,63,1
12,68,1
12,86,1
12,87,1
12,98,1
12,99,1
12,101,1
12,103,1
12,105,1
12,110,1
12,122,1
12,124,1
12,129,1
12,130,1
12,131,1
12,132,1
12,133,1
12,135,1
12,141,1
12,145,1
12,165,1
12,168,1
12,172,1
12,175,1
12,183,1
12,184,1
12,185,1
12,186,1
12,198,1
12,202,1
12,210,1
12,232,1
12,252,1
12,253,1
12,295,1
12,300,1
12,301,1
12,305,1
12,306,1
12,324,1
12,327,1
12,335,1
12,337,1
12,338,1
12,339,1
12,340,1
12,341,1
12,347,1
12,348,1
12,351,1
12,352,1
12,354,1
12,362,1
12,367,1
12,374,1
12,375,1
12,376,1
12,377,1
13,22,1
13,38,1
13,194,1
13,195,1
13,253,1
14,1,1
14,2,1
14,3,1
14,8,1
14,9,1
14,13,1
14,21,1
14,22,1
14,23,1
14,24,1
14,25,1
14,27,1
14,29,1
14,31,1
14,34,1
14,63,1
14,69,1
14,72,1
14,73,1
14,86,1
14,89,1
14,92,1
14,93,1
14,95,1
14,96,1
14,98,1
14,100,1
14,101,1
14,102,1
14,103,1
14,105,1
14,106,1
14,107,1
14,109,1
14,110,1
14,111,1
14,112,1
14,113,1
14,116,1
14,117,1
14,128,1
14,129,1
14,130,1
14,132,1
14,133,1
14,134,1
14,141,1
14,145,1
14,147,1
14,155,1
14,156,1
14,157,1
14,158,1
14,161,1
14,163,1
14,164,1
14,165,1
14,168,1
14,172,1
14,173,1
14,174,1
14,175,1
14,180,1
14,181,1
14,182,1
14,183,1
14,186,1
14,194,1
14,195,1
14,198,1
14,202,1
14,203,1
14,204,1
14,205,1
14,206,1
14,252,1
14,253,1
14,299,1
14,301,1
14,302,1
14,306,1
14,323,1
14,324,1
14,327,1
14,328,1
14,334,1
14,335,1
14,338,1
14,343,1
14,344,1
14,345,1
14,346,1
14,347,1
14,351,1
14,354,1
14,361,1
14,363,1
14,366,1
14,374,1
14,376,1
14,377,1
15,1,1
15,2,1
15,3,1
15,4,1
15,13,1
15,21,1
15,22,1
15,23,1
15,25,1
15,31,1
15,34,1
15,68,1
15,73,1
15,86,1
15,87,1
15,96,1
15,97,1
15,98,1
15,100,1
15,103,1
15,104,1
15,105,1
15,109,1
15,110,1
15,111,1
15,112,1
15,113,1
15,120,1
15,124,1
15,125,1
15,126,1
15,127,1
15,128,1
15,129,1
15,131,1
15,132,1
15,133,1
15,134,1
15,141,1
15,146,1
15,165,1
15,168,1
15,172,1
15,174,1
15,175,1
15,183,1
15,184,1
15,185,1
15,186,1
15,195,1
15,198,1
15,201,1
15,202,1
15,203,1
15,213,1
15,214,1
15,217,1
15,252,1
15,253,1
15,284,1
15,301,1
15,306,1
15,323,1
15,324,1
15,327,1
15,333,1
15,334,1
15,340,1
15,341,1
15,345,1
15,347,1
15,348,1
15,351,1
15,363,1
15,367,1
15,374,1
15,376,1
16,0,1
16,1,1
16,2,1
16,3,1
16,4,1
16,9,1
16,13,1
16,14,1
16,16,1
16,20,1
16,21,1
16,22,1
16,23,1
16,24,1
16,25,1
16,27,1
16,29,1
16,34,1
16,44,1
16,45,1
16,46,1
16,47,1
16,54,1
16,58,1
16,68,1
16,83,1
16,84,1
16,86,1
16,88,1
16,89,1
16,95,1
16,98,1
16,99,1
16,100,1
16,101,1
16,102,1
16,103,1
16,104,1
16,105,1
16,106,1
16,109,1
16,110,1
16,118,1
16,121,1
16,122,1
16,123,1
16,126,1
16,128,1
16,129,1
16,130,1
16,132,1
16,133,1
16,137,1
16,145,1
16,146,1
16,149,1
16,151,1
16,152,1
16,153,1
16,154,1
16,155,1
16,156,1
16,157,1
16,158,1
16,159,1
16,160,1
16,161,1
16,168,1
16,169,1
16,170,1
16,172,1
16,174,1
16,175,1
16,176,1
16,178,1
16,179,1
16,180,1
16,181,1
16,183,1
16,184,1
16,186,1
16,196,1
16,201,1
16,202,1
16,203,1
16,213,1
16,214,1
16,215,1
16,217,1
16,219,1
16,234,1
16,235,1
16,236,1
16,271,1
16,284,1
16,290,1
16,292,1
16,295,1
16,298,1
16,302,1
16,304,1
16,305,1
16,306,1
16,307,1
16,308,1
16,309,1
16,310,1
16,311,1
16,318,1
16,319,1
16,320,1
16,323,1
16,324,1
16,325,1
16,327,1
16,329,1
16,331,1
16,334,1
16,337,1
16,338,1
16,339,1
16,340,1
16,341,1
16,342,1
16,344,1
16,345,1
16,347,1
16,348,1
16,352,1
16,353,1
16,354,1
16,355,1
16,356,1
16,357,1
16,361,1
16,362,1
16,363,1
16,364,1
16,365,1
16,366,1
16,374,1
16,376,1
16,378,1
17,1,1
17,2,1
17,3,1
17,4,1
17,5,1
17,6,1
17,7,1
17,8,1
17,20,1
17,25,1
17,26,1
17,27,1
17,29,1
17,30,1
17,31,1
17,34,1
17,68,1
17,69,1
17,73,1
17,86,1
17,87,1
17,89,1
17,90,1
17,96,1
17,98,1
17,99,1
17,100,1
17,101,1
17,102,1
17,103,1
17,105,1
17,106,1
17,107,1
17,108,1
17,109,1
17,110,1
17,111,1
17,112,1
17,113,1
17,124,1
17,125,1
17,126,1
17,128,1
17,129,1
17,130,1
17,132,1
17,133,1
17,134,1
17,135,1
17,141,1
17,146,1
17,160,1
17,161,1
17,165,1
17,168,1
17,169,1
17,170,1
17,172,1
17,175,1
17,176,1
17,180,1
17,181,1
17,182,1
17,183,1
17,184,1
17,185,1
17,186,1
17,194,1
17,195,1
17,198,1
17,203,1
17,211,1
17,212,1
17,213,1
17,217,1
17,221,1
17,228,1
17,229,1
17,237,1
17,239,1
17,240,1
17,252,1
17,253,1
17,255,1
17,277,1
17,299,1
17,300,1
17,301,1
17,306,1
17,319,1
17,322,1
17,323,1
17,324,1
17,327,1
17,328,1
17,334,1
17,335,1
17,337,1
17,338,1
17,340,1
17,341,1
17,343,1
17,344,1
17,345,1
17,346,1
17,351,1
17,353,1
17,354,1
17,361,1
17,362,1
17,366,1
17,367,1
17,368,1
17,369,1
17,370,1
17,374,1
17,375,1
17,376,1
17,377,1
18,1,1
18,2,1
18,16,1
18,25,1
18,30,1
18,48,1
18,49,1
18,53,1
18,54,1
18,55,1
18,63,1
18,68,1
18,86,1
18,87,1
18,90,1
18,96,1
18,98,1
18,99,1
18,100,1
18,101,1
18,102,1
18,103,1
18,104,1
18,105,1
18,106,1
18,107,1
18,119,1
18,121,1
18,124,1
18,129,1
18,130,1
18,131,1
18,132,1
18,162,1
18,163,1
18,164,1
18,165,1
18,168,1
18,172,1
18,174,1
18,175,1
18,185,1
18,201,1
18,203,1
18,205,1
18,206,1
18,211,1
18,212,1
18,219,1
18,237,1
18,239,1
18,240,1
18,241,1
18,242,1
18,252,1
18,253,1
18,298,1
18,301,1
18,306,1
18,324,1
18,338,1
18,347,1
18,348,1
18,351,1
18,355,1
18,356,1
18,357,1
18,360,1
18,367,1
18,374,1
18,377,1
19,0,1
19,1,1
19,13,1
19,14,1
19,15,1
19,16,1
19,17,1
19,21,1
19,22,1
19,23,1
19,24,1
19,25,1
19,28,1
19,43,1
19,52,1
19,54,1
19,58,1
19,61,1
19,63,1
19,64,1
19,65,1
19,67,1
19,68,1
19,77,1
19,78,1
19,85,1
19,86,1
19,87,1
19,88,1
19,91,1
19,92,1
19,95,1
19,110,1
19,124,1
19,125,1
19,126,1
19,127,1
19,128,1
19,129,1
19,130,1
19,131,1
19,132,1
19,133,1
19,134,1
19,135,1
19,136,1
19,137,1
19,138,1
19,140,1
19,141,1
19,142,1
19,143,1
19,144,1
19,146,1
19,147,1
19,150,1
19,152,1
19,155,1
19,157,1
19,158,1
19,160,1
19,161,1
19,165,1
19,166,1
19,167,1
19,168,1
19,171,1
19,172,1
19,173,1
19,175,1
19,176,1
19,180,1
19,182,1
19,183,1
19,184,1
19,185,1
19,186,1
19,189,1
19,190,1
19,191,1
19,192,1
19,193,1
19,194,1
19,195,1
19,198,1
19,200,1
19,201,1
19,203,1
19,207,1
19,208,1
19,210,1
19,213,1
19,215,1
19,216,1
19,217,1
19,219,1
19,220,1
19,221,1
19,222,1
19,225,1
19,229,1
19,231,1
19,232,1
19,233,1
19,234,1
19,235,1
19,236,1
19,245,1
19,249,1
19,250,1
19,251,1
19,252,1
19,253,1
19,255,1
19,259,1
19,260,1
19,271,1
19,272,1
19,273,1
19,278,1
19,279,1
19,280,1
19,282,1
19,289,1
19,295,1
19,297,1
19,301,1
19,302,1
19,303,1
19,304,1
19,305,1
19,309,1
19,310,1
19,312,1
19,313,1
19,314,1
19,315,1
19,316,1
19,317,1
19,318,1
19,319,1
19,321,1
19,323,1
19,324,1
19,325,1
19,327,1
19,329,1
19,330,1
19,331,1
19,332,1
19,336,1
19,338,1
19,342,1
19,347,1
19,350,1
19,351,1
19,355,1
19,356,1
19,357,1
19,362,1
19,363,1
19,364,1
19,365,1
19,366,1
19,367,1
19,369,1
19,374,1
19,375,1
19,376,1
20,0,1
20,12,1
20,15,1
20,23,1
20,24,1
20,40,1
20,44,1
20,50,1
20,51,1
20,54,1
20,56,1
20,58,1
20,64,1
20,65,1
20,67,1
20,89,1
20,91,1
20,93,1
20,94,1
20,119,1
20,124,1
20,130,1
20,131,1
20,136,1
20,138,1
20,140,1
20,142,1
20,143,1
20,145,1
20,146,1
20,148,1
20,161,1
20,200,1
20,202,1
20,203,1
20,215,1
20,217,1
20,222,1
20,245,1
20,249,1
20,253,1
20,257,1
20,258,1
20,259,1
20,268,1
20,269,1
20,270,1
20,272,1
20,275,1
20,276,1
20,278,1
20,285,1
20,286,1
20,287,1
20,289,1
20,293,1
20,294,1
20,312,1
20,313,1
20,314,1
20,315,1
20,316,1
20,317,1
20,318,1
20,324,1
20,325,1
20,332,1
20,333,1
20,349,1
20,350,1
20,352,1
20,376,1
21,0,1
21,1,1
21,2,1
21,8,1
21,9,1
21,13,1
21,20,1
21,21,1
21,22,1
21,23,1
21,24,1
21,25,1
21,40,1
21,63,1
21,69,1
21,72,1
21,73,1
21,82,1
21,86,1
21,89,1
21,90,1
21,91,1
21,92,1
21,95,1
21,96,1
21,100,1
21,102,1
21,103,1
21,104,1
21,105,1
21,106,1
21,109,1
21,110,1
21,111,1
21,112,1
21,113,1
21,117,1
21,128,1
21,129,1
21,130,1
21,131,1
21,132,1
21,134,1
21,135,1
21,137,1
21,141,1
21,145,1
21,160,1
21,161,1
21,163,1
21,164,1
21,165,1
21,168,1
21,172,1
21,173,1
21,174,1
21,175,1
21,180,1
21,181,1
21,198,1
21,201,1
21,202,1
21,203,1
21,205,1
21,206,1
21,221,1
21,252,1
21,253,1
21,274,1
21,284,1
21,295,1
21,301,1
21,306,1
21,307,1
21,319,1
21,323,1
21,324,1
21,327,1
21,331,1
21,335,1
21,342,1
21,347,1
21,351,1
21,352,1
21,354,1
21,360,1
21,361,1
21,363,1
21,366,1
21,367,1
21,374,1
21,376,1
22,1,1
22,2,1
22,13,1
22,14,1
22,15,1
22,16,1
22,20,1
22,21,1
22,22,1
22,23,1
22,25,1
22,29,1
22,30,1
22,31,1
22,34,1
22,35,1
22,36,1
22,43,1
22,44,1
22,46,1
22,47,1
22,48,1
22,49,1
22,54,1
22,55,1
22,56,1
22,58,1
22,59,1
22,60,1
22,62,1
22,63,1
22,64,1
22,67,1
22,68,1
22,69,1
22,73,1
22,78,1
22,82,1
22,86,1
22,87,1
22,88,1
22,90,1
22,95,1
22,96,1
22,97,1
22,98,1
22,99,1
22,100,1
22,101,1
22,102,1
22,103,1
22,104,1
22,105,1
22,106,1
22,107,1
22,108,1
22,109,1
22,110,1
22,111,1
22,112,1
22,113,1
22,119,1
22,121,1
22,122,1
22,123,1
22,124,1
22,125,1
22,126,1
22,128,1
22,129,1
22,130,1
22,131,1
22,132,1
22,133,1
22,141,1
22,142,1
22,143,1
22,144,1
22,145,1
22,146,1
22,147,1
22,149,1
22,150,1
22,152,1
22,153,1
22,154,1
22,156,1
22,158,1
22,160,1
22,162,1
22,163,1
22,164,1
22,165,1
22,168,1
22,169,1
22,170,1
22,172,1
22,174,1
22,175,1
22,176,1
22,177,1
22,180,1
22,181,1
22,182,1
22,183,1
22,184,1
22,185,1
22,186,1
22,194,1
22,195,1
22,198,1
22,200,1
22,201,1
22,202,1
22,203,1
22,205,1
22,206,1
22,207,1
22,208,1
22,209,1
22,210,1
22,211,1
22,212,1
22,213,1
22,214,1
22,219,1
22,221,1
22,223,1
22,224,1
22,235,1
22,237,1
22,239,1
22,240,1
22,241,1
22,242,1
22,245,1
22,249,1
22,250,1
22,251,1
22,252,1
22,253,1
22,255,1
22,257,1
22,258,1
22,274,1
22,284,1
22,292,1
22,298,1
22,300,1
22,301,1
22,305,1
22,306,1
22,307,1
22,308,1
22,310,1
22,311,1
22,316,1
22,318,1
22,322,1
22,323,1
22,324,1
22,327,1
22,328,1
22,333,1
22,334,1
22,335,1
22,337,1
22,338,1
22,339,1
22,340,1
22,342,1
22,343,1
22,344,1
22,347,1
22,348,1
22,351,1
22,352,1
22,353,1
22,354,1
22,355,1
22,356,1
22,357,1
22,360,1
22,361,1
22,362,1
22,363,1
22,366,1
22,367,1
22,374,1
22,375,1
22,376,1
22,377,1
23,4,1
23,27,1
23,30,1
23,63,1
23,72,1
23,73,1
23,112,1
23,164,1
23,172,1
23,185,1
23,198,1
23,203,1
23,300,1
23,303,1
23,306,1
23,324,1
23,345,1
23,351,1
23,376,1
24,10,1
24,11,1
24,12,1
24,17,1
24,36,1
24,42,1
24,62,1
24,63,1
24,65,1
24,80,1
24,82,1
24,83,1
24,85,1
24,136,1
24,138,1
24,139,1
24,140,1
24,142,1
24,143,1
24,144,1
24,167,1
24,180,1
24,181,1
24,190,1
24,200,1
24,217,1
24,237,1
24,243,1
24,244,1
24,246,1
24,247,1
24,248,1
24,253,1
24,268,1
24,269,1
24,270,1
24,272,1
24,275,1
24,276,1
24,278,1
24,279,1
24,280,1
24,285,1
24,286,1
24,287,1
24,288,1
24,289,1
24,290,1
24,292,1
24,293,1
24,294,1
24,295,1
24,296,1
24,309,1
24,310,1
24,321,1
24,323,1
24,325,1
24,335,1
24,339,1
24,340,1
24,341,1
24,364,1
24,365,1
24,376,1
25,68,1
25,355,1
25,356,1
25,357,1
26,1,1
26,2,1
26,23,1
26,25,1
26,54,1
26,62,1
26,63,1
26,72,1
26,73,1
26,82,1
26,85,1
26,89,1
26,91,1
26,92,1
26,96,1
26,98,1
26,100,1
26,102,1
26,103,1
26,105,1
26,106,1
26,109,1
26,110,1
26,111,1
26,112,1
26,113,1
26,116,1
26,117,1
26,128,1
26,130,1
26,132,1
26,134,1
26,141,1
26,145,1
26,155,1
26,156,1
26,157,1
26,163,1
26,164,1
26,168,1
26,172,1
26,174,1
26,175,1
26,180,1
26,181,1
26,198,1
26,203,1
26,205,1
26,206,1
26,221,1
26,237,1
26,259,1
26,260,1
26,270,1
26,274,1
26,290,1
26,306,1
26,319,1
26,323,1
26,324,1
26,325,1
26,327,1
26,335,1
26,351,1
26,361,1
26,376,1
27,1,1
27,2,1
27,25,1
27,49,1
27,64,1
27,67,1
27,68,1
27,86,1
27,87,1
27,91,1
27,105,1
27,128,1
27,132,1
27,133,1
27,134,1
27,145,1
27,155,1
27,162,1
27,164,1
27,165,1
27,168,1
27,175,1
27,200,1
27,252,1
27,253,1
27,274,1
27,284,1
27,300,1
27,354,1
27,377,1
28,0,1
28,1,1
28,2,1
28,3,1
28,4,1
28,7,1
28,13,1
28,14,1
28,15,1
28,16,1
28,17,1
28,19,1
28,21,1
28,22,1
28,23,1
28,24,1
28,25,1
28,27,1
28,28,1
28,29,1
28,34,1
28,36,1
28,37,1
28,43,1
28,52,1
28,61,1
28,64,1
28,65,1
28,67,1
28,68,1
28,78,1
28,80,1
28,81,1
28,82,1
28,83,1
28,86,1
28,87,1
28,88,1
28,91,1
28,92,1
28,98,1
28,99,1
28,100,1
28,101,1
28,102,1
28,103,1
28,104,1
28,106,1
28,107,1
28,109,1
28,110,1
28,120,1
28,121,1
28,122,1
28,123,1
28,124,1
28,125,1
28,126,1
28,128,1
28,129,1
28,130,1
28,131,1
28,132,1
28,133,1
28,134,1
28,135,1
28,136,1
28,137,1
28,138,1
28,139,1
28,140,1
28,141,1
28,143,1
28,144,1
28,146,1
28,149,1
28,152,1
28,153,1
28,154,1
28,155,1
28,157,1
28,158,1
28,159,1
28,160,1
28,161,1
28,162,1
28,163,1
28,164,1
28,165,1
28,166,1
28,167,1
28,168,1
28,172,1
28,173,1
28,175,1
28,176,1
28,179,1
28,180,1
28,181,1
28,182,1
28,183,1
28,184,1
28,185,1
28,186,1
28,189,1
28,190,1
28,191,1
28,192,1
28,194,1
28,195,1
28,196,1
28,197,1
28,198,1
28,199,1
28,200,1
28,201,1
28,202,1
28,203,1
28,207,1
28,213,1
28,215,1
28,216,1
28,217,1
28,219,1
28,220,1
28,222,1
28,245,1
28,246,1
28,247,1
28,248,1
28,252,1
28,253,1
28,254,1
28,259,1
28,260,1
28,268,1
28,269,1
28,270,1
28,271,1
28,273,1
28,278,1
28,279,1
28,280,1
28,284,1
28,290,1
28,291,1
28,292,1
28,297,1
28,298,1
28,301,1
28,302,1
28,304,1
28,305,1
28,308,1
28,311,1
28,312,1
28,314,1
28,315,1
28,316,1
28,317,1
28,319,1
28,320,1
28,322,1
28,323,1
28,324,1
28,325,1
28,327,1
28,329,1
28,330,1
28,331,1
28,332,1
28,333,1
28,334,1
28,337,1
28,338,1
28,339,1
28,341,1
28,342,1
28,343,1
28,345,1
28,346,1
28,351,1
28,352,1
28,353,1
28,355,1
28,356,1
28,357,1
28,359,1
28,360,1
28,361,1
28,362,1
28,364,1
28,365,1
28,366,1
28,367,1
28,374,1
28,375,1
28,376,1
29,0,1
29,1,1
29,2,1
29,3,1
29,5,1
29,6,1
29,13,1
29,14,1
29,15,1
29,16,1
29,20,1
29,21,1
29,22,1
29,23,1
29,24,1
29,25,1
29,26,1
29,27,1
29,28,1
29,29,1
29,32,1
29,33,1
29,34,1
29,35,1
29,36,1
29,37,1
29,38,1
29,43,1
29,44,1
29,52,1
29,54,1
29,58,1
29,61,1
29,62,1
29,63,1
29,64,1
29,65,1
29,66,1
29,67,1
29,68,1
29,69,1
29,70,1
29,72,1
29,73,1
29,74,1
29,75,1
29,76,1
29,77,1
29,78,1
29,79,1
29,80,1
29,81,1
29,82,1
29,83,1
29,85,1
29,86,1
29,87,1
29,88,1
29,89,1
29,90,1
29,91,1
29,92,1
29,93,1
29,94,1
29,95,1
29,98,1
29,99,1
29,100,1
29,103,1
29,104,1
29,106,1
29,109,1
29,110,1
29,116,1
29,118,1
29,119,1
29,120,1
29,121,1
29,122,1
29,123,1
29,124,1
29,125,1
29,126,1
29,127,1
29,128,1
29,129,1
29,130,1
29,131,1
29,132,1
29,133,1
29,134,1
29,135,1
29,137,1
29,138,1
29,141,1
29,142,1
29,143,1
29,144,1
29,145,1
29,146,1
29,147,1
29,148,1
29,149,1
29,150,1
29,151,1
29,152,1
29,153,1
29,154,1
29,155,1
29,156,1
29,157,1
29,158,1
29,159,1
29,160,1
29,161,1
29,162,1
29,163,1
29,164,1
29,165,1
29,166,1
29,167,1
29,168,1
29,171,1
29,172,1
29,173,1
29,174,1
29,175,1
29,176,1
29,180,1
29,181,1
29,182,1
29,183,1
29,184,1
29,185,1
29,186,1
29,188,1
29,189,1
29,190,1
29,191,1
29,192,1
29,194,1
29,195,1
29,196,1
29,197,1
29,198,1
29,199,1
29,200,1
29,201,1
29,202,1
29,203,1
29,206,1
29,207,1
29,208,1
29,209,1
29,210,1
29,213,1
29,214,1
29,216,1
29,217,1
29,219,1
29,220,1
29,221,1
29,222,1
29,223,1
29,224,1
29,225,1
29,226,1
29,227,1
29,229,1
29,230,1
29,231,1
29,232,1
29,233,1
29,234,1
29,235,1
29,236,1
29,238,1
29,240,1
29,243,1
29,244,1
29,245,1
29,246,1
29,247,1
29,248,1
29,249,1
29,250,1
29,252,1
29,253,1
29,254,1
29,255,1
29,257,1
29,258,1
29,259,1
29,260,1
29,271,1
29,273,1
29,278,1
29,279,1
29,280,1
29,284,1
29,290,1
29,291,1
29,292,1
29,293,1
29,294,1
29,295,1
29,296,1
29,297,1
29,298,1
29,299,1
29,301,1
29,302,1
29,303,1
29,304,1
29,305,1
29,306,1
29,307,1
29,308,1
29,309,1
29,310,1
29,312,1
29,314,1
29,315,1
29,316,1
29,317,1
29,318,1
29,319,1
29,320,1
29,321,1
29,322,1
29,323,1
29,324,1
29,325,1
29,327,1
29,328,1
29,329,1
29,330,1
29,331,1
29,332,1
29,333,1
29,334,1
29,336,1
29,337,1
29,338,1
29,339,1
29,341,1
29,342,1
29,347,1
29,348,1
29,349,1
29,350,1
29,351,1
29,352,1
29,353,1
29,355,1
29,356,1
29,357,1
29,359,1
29,360,1
29,361,1
29,362,1
29,364,1
29,365,1
29,366,1
29,367,1
29,369,1
29,370,1
29,371,1
29,374,1
29,375,1
29,376,1
29,377,1
29,378,1
30,96,1
30,111,1
30,112,1
30,113,1
30,172,1
30,198,1
30,204,1
30,261,1
30,262,1
30,267,1
30,306,1
30,324,1
31,0,1
31,1,1
31,2,1
31,3,1
31,4,1
31,5,1
31,6,1
31,7,1
31,10,1
31,11,1
31,12,1
31,13,1
31,14,1
31,15,1
31,16,1
31,17,1
31,18,1
31,19,1
31,20,1
31,21,1
31,22,1
31,23,1
31,24,1
31,25,1
31,26,1
31,27,1
31,28,1
31,29,1
31,31,1
31,32,1
31,33,1
31,34,1
31,35,1
31,36,1
31,37,1
31,38,1
31,39,1
31,40,1
31,41,1
31,42,1
31,43,1
31,44,1
31,45,1
31,48,1
31,50,1
31,51,1
31,52,1
31,53,1
31,54,1
31,55,1
31,56,1
31,57,1
31,58,1
31,59,1
31,60,1
31,61,1
31,62,1
31,63,1
31,64,1
31,65,1
31,67,1
31,68,1
31,69,1
31,71,1
31,77,1
31,78,1
31,79,1
31,80,1
31,81,1
31,82,1
31,84,1
31,85,1
31,86,1
31,87,1
31,88,1
31,89,1
31,90,1
31,91,1
31,92,1
31,93,1
31,94,1
31,95,1
31,96,1
31,98,1
31,99,1
31,100,1
31,101,1
31,102,1
31,103,1
31,104,1
31,106,1
31,107,1
31,109,1
31,110,1
31,112,1
31,113,1
31,114,1
31,118,1
31,119,1
31,120,1
31,121,1
31,122,1
31,123,1
31,124,1
31,125,1
31,126,1
31,127,1
31,128,1
31,129,1
31,130,1
31,131,1
31,132,1
31,133,1
31,134,1
31,135,1
31,136,1
31,137,1
31,138,1
31,139,1
31,140,1
31,141,1
31,142,1
31,143,1
31,144,1
31,145,1
31,146,1
31,147,1
31,148,1
31,149,1
31,150,1
31,151,1
31,152,1
31,153,1
31,154,1
31,155,1
31,156,1
31,157,1
31,158,1
31,159,1
31,160,1
31,161,1
31,162,1
31,163,1
31,164,1
31,165,1
31,166,1
31,167,1
31,168,1
31,169,1
31,171,1
31,172,1
31,173,1
31,174,1
31,175,1
31,176,1
31,177,1
31,178,1
31,179,1
31,180,1
31,181,1
31,182,1
31,183,1
31,184,1
31,185,1
31,186,1
31,187,1
31,188,1
31,189,1
31,190,1
31,191,1
31,192,1
31,193,1
31,194,1
31,195,1
31,196,1
31,197,1
31,198,1
31,199,1
31,200,1
31,201,1
31,202,1
31,203,1
31,204,1
31,205,1
31,206,1
31,207,1
31,208,1
31,209,1
31,210,1
31,211,1
31,212,1
31,213,1
31,214,1
31,215,1
31,216,1
31,217,1
31,219,1
31,220,1
31,221,1
31,222,1
31,223,1
31,224,1
31,225,1
31,226,1
31,227,1
31,229,1
31,232,1
31,233,1
31,234,1
31,235,1
31,236,1
31,237,1
31,238,1
31,241,1
31,242,1
31,243,1
31,244,1
31,245,1
31,246,1
31,247,1
31,248,1
31,249,1
31,250,1
31,252,1
31,253,1
31,254,1
31,255,1
31,256,1
31,257,1
31,258,1
31,259,1
31,260,1
31,261,1
31,262,1
31,263,1
31,264,1
31,265,1
31,266,1
31,267,1
31,268,1
31,269,1
31,270,1
31,271,1
31,273,1
31,275,1
31,276,1
31,278,1
31,279,1
31,280,1
31,281,1
31,282,1
31,283,1
31,284,1
31,285,1
31,286,1
31,287,1
31,288,1
31,289,1
31,290,1
31,291,1
31,292,1
31,293,1
31,294,1
31,295,1
31,296,1
31,297,1
31,298,1
31,299,1
31,301,1
31,302,1
31,303,1
31,304,1
31,306,1
31,307,1
31,308,1
31,309,1
31,310,1
31,311,1
31,312,1
31,313,1
31,314,1
31,315,1
31,316,1
31,317,1
31,318,1
31,319,1
31,320,1
31,321,1
31,322,1
31,323,1
31,324,1
31,325,1
31,327,1
31,328,1
31,329,1
31,330,1
31,331,1
31,332,1
31,333,1
31,334,1
31,335,1
31,336,1
31,337,1
31,338,1
31,339,1
31,340,1
31,341,1
31,342,1
31,343,1
31,344,1
31,345,1
31,346,1
31,347,1
31,348,1
31,349,1
31,350,1
31,351,1
31,352,1
31,353,1
31,354,1
31,355,1
31,356,1
31,357,1
31,359,1
31,360,1
31,361,1
31,362,1
31,363,1
31,364,1
31,365,1
31,366,1
31,367,1
31,369,1
31,370,1
31,371,1
31,372,1
31,373,1
31,374,1
31,375,1
31,376,1
31,377,1
31,378,1
32,13,1
32,20,1
32,21,1
32,22,1
32,23,1
32,27,1
32,28,1
32,46,1
32,47,1
32,48,1
32,49,1
32,54,1
32,55,1
32,56,1
32,64,1
32,67,1
32,68,1
32,86,1
32,87,1
32,90,1
32,100,1
32,102,1
32,103,1
32,104,1
32,106,1
32,107,1
32,108,1
32,109,1
32,110,1
32,119,1
32,129,1
32,130,1
32,131,1
32,132,1
32,134,1
32,144,1
32,145,1
32,146,1
32,154,1
32,163,1
32,164,1
32,165,1
32,166,1
32,167,1
32,170,1
32,172,1
32,174,1
32,184,1
32,186,1
32,198,1
32,201,1
32,202,1
32,205,1
32,206,1
32,213,1
32,214,1
32,215,1
32,217,1
32,219,1
32,221,1
32,224,1
32,240,1
32,242,1
32,249,1
32,252,1
32,253,1
32,275,1
32,283,1
32,284,1
32,301,1
32,305,1
32,310,1
32,312,1
32,313,1
32,318,1
32,321,1
32,324,1
32,333,1
32,339,1
32,341,1
32,347,1
32,348,1
32,351,1
32,355,1
32,356,1
32,357,1
32,367,1
32,371,1
32,372,1
32,376,1
33,64,1
33,65,1
33,67,1
33,93,1
33,150,1
33,151,1
33,267,1
34,1,1
34,2,1
34,20,1
34,21,1
34,22,1
34,23,1
34,25,1
34,29,1
34,34,1
34,65,1
34,66,1
34,69,1
34,81,1
34,86,1
34,91,1
34,92,1
34,98,1
34,99,1
34,100,1
34,101,1
34,102,1
34,103,1
34,104,1
34,106,1
34,108,1
34,109,1
34,122,1
34,124,1
34,125,1
34,126,1
34,128,1
34,129,1
34,131,1
34,133,1
34,141,1
34,156,1
34,168,1
34,172,1
34,175,1
34,201,1
34,284,1
34,298,1
34,311,1
34,314,1
34,322,1
34,327,1
34,343,1
34,347,1
34,348,1
34,352,1
34,363,1
34,374,1
35,1,1
35,2,1
35,25,1
35,68,1
35,86,1
35,87,1
35,100,1
35,105,1
35,111,1
35,128,1
35,132,1
35,133,1
35,141,1
35,165,1
35,168,1
35,175,1
35,252,1
35,253,1
35,268,1
35,270,1
35,303,1
35,327,1
35,374,1
35,377,1
36,0,1
36,10,1
36,11,1
36,12,1
36,13,1
36,14,1
36,15,1
36,17,1
36,20,1
36,21,1
36,22,1
36,23,1
36,24,1
36,25,1
36,32,1
36,33,1
36,35,1
36,36,1
36,37,1
36,38,1
36,39,1
36,40,1
36,41,1
36,43,1
36,44,1
36,49,1
36,61,1
36,64,1
36,65,1
36,66,1
36,67,1
36,68,1
36,69,1
36,80,1
36,81,1
36,82,1
36,86,1
36,89,1
36,91,1
36,92,1
36,93,1
36,94,1
36,96,1
36,110,1
36,113,1
36,120,1
36,122,1
36,124,1
36,125,1
36,126,1
36,128,1
36,129,1
36,130,1
36,131,1
36,132,1
36,133,1
36,134,1
36,135,1
36,136,1
36,137,1
36,138,1
36,139,1
36,140,1
36,141,1
36,143,1
36,144,1
36,145,1
36,146,1
36,147,1
36,148,1
36,150,1
36,151,1
36,152,1
36,156,1
36,159,1
36,160,1
36,161,1
36,162,1
36,163,1
36,164,1
36,165,1
36,166,1
36,167,1
36,168,1
36,171,1
36,172,1
36,173,1
36,174,1
36,175,1
36,176,1
36,180,1
36,181,1
36,183,1
36,184,1
36,185,1
36,186,1
36,189,1
36,190,1
36,191,1
36,192,1
36,193,1
36,196,1
36,197,1
36,199,1
36,200,1
36,201,1
36,202,1
36,203,1
36,206,1
36,207,1
36,208,1
36,209,1
36,210,1
36,213,1
36,215,1
36,220,1
36,222,1
36,243,1
36,244,1
36,245,1
36,252,1
36,253,1
36,254,1
36,255,1
36,259,1
36,260,1
36,262,1
36,268,1
36,269,1
36,270,1
36,271,1
36,273,1
36,275,1
36,276,1
36,278,1
36,279,1
36,284,1
36,285,1
36,286,1
36,287,1
36,289,1
36,291,1
36,292,1
36,293,1
36,294,1
36,295,1
36,296,1
36,297,1
36,298,1
36,299,1
36,301,1
36,302,1
36,303,1
36,304,1
36,308,1
36,309,1
36,310,1
36,311,1
36,312,1
36,313,1
36,314,1
36,315,1
36,316,1
36,317,1
36,318,1
36,321,1
36,322,1
36,323,1
36,324,1
36,325,1
36,327,1
36,329,1
36,330,1
36,331,1
36,332,1
36,333,1
36,337,1
36,338,1
36,342,1
36,347,1
36,348,1
36,351,1
36,352,1
36,353,1
36,355,1
36,356,1
36,357,1
36,359,1
36,360,1
36,362,1
36,366,1
36,367,1
36,369,1
36,371,1
36,374,1
36,375,1
36,376,1
36,378,1
37,1,1
37,2,1
37,22,1
37,25,1
37,30,1
37,31,1
37,63,1
37,68,1
37,86,1
37,96,1
37,103,1
37,124,1
37,127,1
37,128,1
37,129,1
37,130,1
37,131,1
37,132,1
37,133,1
37,135,1
37,141,1
37,159,1
37,165,1
37,168,1
37,172,1
37,175,1
37,180,1
37,181,1
37,185,1
37,252,1
37,253,1
37,300,1
37,301,1
37,306,1
37,324,1
37,334,1
37,338,1
37,354,1
37,367,1
37,374,1
37,376,1
37,377,1
38,17,1
38,23,1
38,25,1
38,34,1
38,36,1
38,54,1
38,61,1
38,62,1
38,68,1
38,69,1
38,73,1
38,75,1
38,76,1
38,88,1
38,91,1
38,92,1
38,96,1
38,110,1
38,111,1
38,112,1
38,113,1
38,121,1
38,122,1
38,123,1
38,128,1
38,130,1
38,133,1
38,134,1
38,135,1
38,141,1
38,145,1
38,146,1
38,153,1
38,154,1
38,155,1
38,161,1
38,162,1
38,164,1
38,168,1
38,172,1
38,175,1
38,176,1
38,180,1
38,181,1
38,182,1
38,183,1
38,184,1
38,185,1
38,186,1
38,193,1
38,194,1
38,195,1
38,198,1
38,200,1
38,201,1
38,202,1
38,203,1
38,204,1
38,208,1
38,209,1
38,210,1
38,213,1
38,214,1
38,215,1
38,216,1
38,217,1
38,229,1
38,230,1
38,243,1
38,244,1
38,247,1
38,249,1
38,290,1
38,291,1
38,292,1
38,298,1
38,308,1
38,314,1
38,316,1
38,322,1
38,323,1
38,324,1
38,325,1
38,327,1
38,333,1
38,334,1
38,335,1
38,337,1
38,341,1
38,347,1
38,348,1
38,351,1
38,353,1
38,361,1
38,369,1
38,370,1
38,372,1
38,374,1
38,375,1
38,376,1
38,377,1
39,1,1
39,2,1
39,25,1
39,30,1
39,64,1
39,67,1
39,68,1
39,69,1
39,86,1
39,87,1
39,98,1
39,99,1
39,100,1
39,101,1
39,102,1
39,103,1
39,105,1
39,106,1
39,107,1
39,108,1
39,109,1
39,110,1
39,128,1
39,132,1
39,133,1
39,141,1
39,146,1
39,162,1
39,163,1
39,164,1
39,165,1
39,168,1
39,172,1
39,175,1
39,198,1
39,212,1
39,239,1
39,240,1
39,252,1
39,253,1
39,255,1
39,274,1
39,300,1
39,301,1
39,327,1
39,339,1
39,341,1
39,347,1
39,348,1
39,354,1
39,356,1
39,357,1
39,374,1
39,377,1
40,1,1
40,2,1
40,3,1
40,4,1
40,5,1
40,6,1
40,7,1
40,8,1
40,9,1
40,22,1
40,25,1
40,26,1
40,27,1
40,29,1
40,30,1
40,31,1
40,32,1
40,33,1
40,34,1
40,68,1
40,69,1
40,86,1
40,87,1
40,90,1
40,96,1
40,98,1
40,99,1
40,100,1
40,101,1
40,102,1
40,103,1
40,105,1
40,106,1
40,107,1
40,108,1
40,109,1
40,110,1
40,112,1
40,113,1
40,116,1
40,117,1
40,122,1
40,123,1
40,124,1
40,125,1
40,126,1
40,127,1
40,128,1
40,129,1
40,130,1
40,131,1
40,132,1
40,133,1
40,134,1
40,135,1
40,141,1
40,146,1
40,159,1
40,160,1
40,161,1
40,162,1
40,165,1
40,168,1
40,169,1
40,170,1
40,172,1
40,173,1
40,175,1
40,180,1
40,181,1
40,182,1
40,183,1
40,184,1
40,185,1
40,186,1
40,190,1
40,191,1
40,194,1
40,195,1
40,196,1
40,197,1
40,198,1
40,199,1
40,202,1
40,203,1
40,207,1
40,208,1
40,209,1
40,210,1
40,211,1
40,212,1
40,213,1
40,214,1
40,215,1
40,216,1
40,217,1
40,221,1
40,227,1
40,228,1
40,229,1
40,232,1
40,236,1
40,237,1
40,239,1
40,240,1
40,252,1
40,253,1
40,255,1
40,274,1
40,277,1
40,283,1
40,298,1
40,299,1
40,300,1
40,301,1
40,305,1
40,306,1
40,320,1
40,322,1
40,323,1
40,324,1
40,327,1
40,328,1
40,334,1
40,335,1
40,337,1
40,339,1
40,340,1
40,341,1
40,343,1
40,344,1
40,345,1
40,346,1
40,347,1
40,348,1
40,351,1
40,352,1
40,353,1
40,354,1
40,357,1
40,361,1
40,362,1
40,363,1
40,367,1
40,369,1
40,370,1
40,371,1
40,372,1
40,374,1
40,375,1
40,376,1
40,377,1
41,0,1
41,1,1
41,2,1
41,13,1
41,14,1
41,15,1
41,17,1
41,21,1
41,22,1
41,23,1
41,24,1
41,25,1
41,28,1
41,35,1
41,36,1
41,38,1
41,40,1
41,41,1
41,43,1
41,44,1
41,45,1
41,52,1
41,54,1
41,56,1
41,58,1
41,64,1
41,65,1
41,66,1
41,68,1
41,72,1
41,73,1
41,78,1
41,83,1
41,84,1
41,85,1
41,86,1
41,87,1
41,88,1
41,91,1
41,92,1
41,105,1
41,110,1
41,118,1
41,121,1
41,125,1
41,126,1
41,128,1
41,130,1
41,131,1
41,134,1
41,135,1
41,136,1
41,137,1
41,138,1
41,142,1
41,143,1
41,144,1
41,145,1
41,146,1
41,147,1
41,148,1
41,152,1
41,153,1
41,154,1
41,155,1
41,156,1
41,157,1
41,160,1
41,161,1
41,165,1
41,168,1
41,171,1
41,172,1
41,176,1
41,177,1
41,180,1
41,181,1
41,182,1
41,183,1
41,184,1
41,185,1
41,186,1
41,190,1
41,194,1
41,195,1
41,198,1
41,201,1
41,202,1
41,203,1
41,214,1
41,215,1
41,217,1
41,220,1
41,221,1
41,229,1
41,236,1
41,243,1
41,245,1
41,248,1
41,249,1
41,250,1
41,251,1
41,252,1
41,253,1
41,257,1
41,258,1
41,259,1
41,260,1
41,271,1
41,273,1
41,282,1
41,284,1
41,297,1
41,298,1
41,301,1
41,302,1
41,304,1
41,305,1
41,310,1
41,311,1
41,315,1
41,317,1
41,318,1
41,323,1
41,324,1
41,325,1
41,329,1
41,330,1
41,331,1
41,332,1
41,333,1
41,338,1
41,339,1
41,340,1
41,341,1
41,342,1
41,347,1
41,348,1
41,351,1
41,355,1
41,356,1
41,357,1
41,359,1
41,363,1
41,364,1
41,365,1
41,374,1
41,376,1
42,30,1
42,54,1
42,64,1
42,65,1
42,66,1
42,77,1
42,78,1
42,80,1
42,81,1
42,82,1
42,94,1
42,95,1
42,130,1
42,142,1
42,143,1
42,144,1
42,150,1
42,170,1
42,211,1
42,218,1
42,220,1
42,261,1
42,262,1
42,263,1
42,264,1
42,265,1
42,266,1
42,267,1
42,274,1
42,300,1
42,303,1
42,376,1
43,1,1
43,2,1
43,6,1
43,21,1
43,22,1
43,25,1
43,27,1
43,30,1
43,31,1
43,35,1
43,49,1
43,55,1
43,64,1
43,65,1
43,68,1
43,69,1
43,75,1
43,83,1
43,85,1
43,86,1
43,87,1
43,95,1
43,110,1
43,123,1
43,124,1
43,125,1
43,128,1
43,129,1
43,130,1
43,132,1
43,133,1
43,135,1
43,141,1
43,142,1
43,143,1
43,144,1
43,145,1
43,165,1
43,168,1
43,169,1
43,170,1
43,175,1
43,186,1
43,194,1
43,195,1
43,197,1
43,198,1
43,203,1
43,222,1
43,228,1
43,229,1
43,238,1
43,243,1
43,252,1
43,253,1
43,255,1
43,267,1
43,284,1
43,300,1
43,303,1
43,305,1
43,306,1
43,321,1
43,322,1
43,323,1
43,324,1
43,327,1
43,328,1
43,332,1
43,335,1
43,344,1
43,346,1
43,351,1
43,353,1
43,367,1
43,374,1
43,377,1
44,0,1
44,1,1
44,2,1
44,3,1
44,4,1
44,5,1
44,6,1
44,7,1
44,8,1
44,9,1
44,12,1
44,13,1
44,16,1
44,23,1
44,24,1
44,25,1
44,26,1
44,27,1
44,28,1
44,29,1
44,30,1
44,31,1
44,32,1
44,33,1
44,34,1
44,36,1
44,38,1
44,44,1
44,45,1
44,49,1
44,52,1
44,54,1
44,55,1
44,62,1
44,64,1
44,65,1
44,67,1
44,68,1
44,69,1
44,70,1
44,71,1
44,72,1
44,73,1
44,74,1
44,75,1
44,76,1
44,77,1
44,78,1
44,80,1
44,81,1
44,82,1
44,85,1
44,86,1
44,87,1
44,89,1
44,92,1
44,93,1
44,95,1
44,96,1
44,98,1
44,99,1
44,100,1
44,101,1
44,102,1
44,103,1
44,105,1
44,106,1
44,107,1
44,110,1
44,111,1
44,112,1
44,124,1
44,125,1
44,126,1
44,127,1
44,128,1
44,129,1
44,130,1
44,131,1
44,132,1
44,133,1
44,134,1
44,136,1
44,138,1
44,141,1
44,142,1
44,143,1
44,144,1
44,145,1
44,146,1
44,155,1
44,156,1
44,157,1
44,159,1
44,160,1
44,161,1
44,165,1
44,167,1
44,168,1
44,172,1
44,173,1
44,174,1
44,175,1
44,178,1
44,180,1
44,181,1
44,183,1
44,185,1
44,190,1
44,194,1
44,195,1
44,196,1
44,197,1
44,198,1
44,200,1
44,201,1
44,203,1
44,205,1
44,206,1
44,207,1
44,208,1
44,215,1
44,217,1
44,218,1
44,220,1
44,223,1
44,224,1
44,237,1
44,244,1
44,246,1
44,247,1
44,248,1
44,252,1
44,253,1
44,255,1
44,260,1
44,261,1
44,262,1
44,263,1
44,264,1
44,265,1
44,266,1
44,267,1
44,268,1
44,269,1
44,270,1
44,272,1
44,274,1
44,275,1
44,280,1
44,282,1
44,283,1
44,284,1
44,286,1
44,287,1
44,294,1
44,295,1
44,299,1
44,301,1
44,303,1
44,306,1
44,307,1
44,308,1
44,311,1
44,314,1
44,315,1
44,317,1
44,318,1
44,322,1
44,323,1
44,324,1
44,325,1
44,327,1
44,332,1
44,333,1
44,334,1
44,338,1
44,339,1
44,340,1
44,341,1
44,344,1
44,345,1
44,346,1
44,348,1
44,351,1
44,352,1
44,353,1
44,354,1
44,355,1
44,356,1
44,360,1
44,361,1
44,362,1
44,365,1
44,366,1
44,367,1
44,371,1
44,372,1
44,374,1
44,376,1
44,377,1
45,0,1
45,1,1
45,2,1
45,6,1
45,13,1
45,20,1
45,22,1
45,24,1
45,25,1
45,27,1
45,30,1
45,31,1
45,35,1
45,37,1
45,46,1
45,47,1
45,68,1
45,86,1
45,87,1
45,110,1
45,122,1
45,123,1
45,124,1
45,125,1
45,126,1
45,127,1
45,128,1
45,129,1
45,130,1
45,131,1
45,132,1
45,133,1
45,134,1
45,141,1
45,146,1
45,155,1
45,156,1
45,160,1
45,161,1
45,162,1
45,164,1
45,165,1
45,168,1
45,169,1
45,170,1
45,172,1
45,174,1
45,175,1
45,178,1
45,180,1
45,183,1
45,184,1
45,185,1
45,186,1
45,191,1
45,197,1
45,198,1
45,199,1
45,201,1
45,202,1
45,208,1
45,209,1
45,210,1
45,221,1
45,229,1
45,232,1
45,237,1
45,249,1
45,252,1
45,253,1
45,255,1
45,267,1
45,272,1
45,274,1
45,284,1
45,295,1
45,300,1
45,301,1
45,303,1
45,305,1
45,306,1
45,311,1
45,322,1
45,323,1
45,324,1
45,327,1
45,328,1
45,332,1
45,335,1
45,337,1
45,339,1
45,340,1
45,341,1
45,346,1
45,347,1
45,348,1
45,351,1
45,360,1
45,361,1
45,362,1
45,367,1
45,374,1
45,376,1
46,0,1
46,35,1
46,37,1
46,64,1
46,65,1
46,67,1
46,72,1
46,73,1
46,78,1
46,80,1
46,82,1
46,94,1
46,95,1
46,110,1
46,130,1
46,134,1
46,142,1
46,143,1
46,144,1
46,145,1
46,148,1
46,156,1
46,162,1
46,163,1
46,164,1
46,200,1
46,218,1
46,222,1
46,249,1
46,251,1
46,261,1
46,262,1
46,263,1
46,264,1
46,265,1
46,266,1
46,284,1
46,303,1
46,315,1
46,317,1
46,332,1
46,360,1
46,376,1
47,0,1
47,1,1
47,2,1
47,3,1
47,4,1
47,8,1
47,9,1
47,13,1
47,14,1
47,15,1
47,16,1
47,17,1
47,20,1
47,21,1
47,22,1
47,23,1
47,24,1
47,25,1
47,27,1
47,29,1
47,30,1
47,31,1
47,34,1
47,35,1
47,36,1
47,37,1
47,38,1
47,40,1
47,41,1
47,54,1
47,57,1
47,58,1
47,61,1
47,63,1
47,64,1
47,65,1
47,66,1
47,67,1
47,68,1
47,69,1
47,77,1
47,78,1
47,80,1
47,81,1
47,82,1
47,85,1
47,86,1
47,87,1
47,91,1
47,92,1
47,93,1
47,95,1
47,96,1
47,98,1
47,99,1
47,100,1
47,101,1
47,102,1
47,103,1
47,104,1
47,105,1
47,106,1
47,107,1
47,109,1
47,110,1
47,113,1
47,119,1
47,120,1
47,121,1
47,122,1
47,123,1
47,124,1
47,125,1
47,126,1
47,127,1
47,128,1
47,129,1
47,130,1
47,131,1
47,132,1
47,133,1
47,134,1
47,135,1
47,136,1
47,137,1
47,138,1
47,139,1
47,140,1
47,141,1
47,142,1
47,143,1
47,144,1
47,145,1
47,146,1
47,149,1
47,150,1
47,151,1
47,152,1
47,153,1
47,154,1
47,155,1
47,156,1
47,157,1
47,158,1
47,159,1
47,160,1
47,161,1
47,162,1
47,163,1
47,164,1
47,165,1
47,167,1
47,168,1
47,169,1
47,170,1
47,171,1
47,172,1
47,173,1
47,174,1
47,175,1
47,180,1
47,181,1
47,182,1
47,183,1
47,184,1
47,189,1
47,190,1
47,191,1
47,192,1
47,194,1
47,195,1
47,196,1
47,197,1
47,198,1
47,199,1
47,201,1
47,202,1
47,205,1
47,206,1
47,208,1
47,209,1
47,210,1
47,214,1
47,215,1
47,219,1
47,220,1
47,222,1
47,225,1
47,227,1
47,228,1
47,229,1
47,230,1
47,231,1
47,232,1
47,233,1
47,234,1
47,235,1
47,236,1
47,238,1
47,241,1
47,242,1
47,243,1
47,244,1
47,245,1
47,246,1
47,247,1
47,248,1
47,250,1
47,252,1
47,253,1
47,254,1
47,260,1
47,265,1
47,267,1
47,271,1
47,272,1
47,273,1
47,274,1
47,275,1
47,276,1
47,278,1
47,279,1
47,280,1
47,281,1
47,282,1
47,283,1
47,284,1
47,285,1
47,292,1
47,294,1
47,295,1
47,298,1
47,300,1
47,301,1
47,302,1
47,303,1
47,304,1
47,306,1
47,307,1
47,309,1
47,310,1
47,311,1
47,314,1
47,315,1
47,319,1
47,320,1
47,322,1
47,323,1
47,324,1
47,325,1
47,327,1
47,328,1
47,329,1
47,331,1
47,332,1
47,333,1
47,334,1
47,335,1
47,337,1
47,338,1
47,339,1
47,340,1
47,341,1
47,342,1
47,343,1
47,344,1
47,345,1
47,346,1
47,347,1
47,348,1
47,349,1
47,350,1
47,351,1
47,352,1
47,353,1
47,354,1
47,355,1
47,356,1
47,357,1
47,359,1
47,360,1
47,361,1
47,362,1
47,363,1
47,364,1
47,365,1
47,366,1
47,367,1
47,369,1
47,370,1
47,371,1
47,374,1
47,375,1
47,376,1
47,378,1
48,0,1
48,11,1
48,12,1
48,17,1
48,24,1
48,36,1
48,38,1
48,40,1
48,41,1
48,43,1
48,44,1
48,52,1
48,54,1
48,60,1
48,61,1
48,62,1
48,63,1
48,64,1
48,65,1
48,67,1
48,78,1
48,80,1
48,82,1
48,89,1
48,93,1
48,94,1
48,119,1
48,130,1
48,134,1
48,136,1
48,137,1
48,138,1
48,140,1
48,142,1
48,143,1
48,144,1
48,146,1
48,148,1
48,161,1
48,166,1
48,167,1
48,171,1
48,172,1
48,180,1
48,181,1
48,183,1
48,184,1
48,197,1
48,198,1
48,199,1
48,203,1
48,205,1
48,208,1
48,215,1
48,220,1
48,249,1
48,254,1
48,259,1
48,268,1
48,269,1
48,270,1
48,271,1
48,272,1
48,273,1
48,275,1
48,276,1
48,278,1
48,279,1
48,284,1
48,285,1
48,286,1
48,287,1
48,288,1
48,289,1
48,291,1
48,294,1
48,297,1
48,302,1
48,304,1
48,311,1
48,312,1
48,313,1
48,314,1
48,315,1
48,316,1
48,317,1
48,318,1
48,321,1
48,324,1
48,325,1
48,329,1
48,330,1
48,331,1
48,333,1
48,339,1
48,340,1
48,341,1
48,342,1
48,349,1
48,376,1
49,0,1
49,1,1
49,13,1
49,16,1
49,22,1
49,24,1
49,27,1
49,28,1
49,30,1
49,35,1
49,36,1
49,37,1
49,38,1
49,39,1
49,40,1
49,41,1
49,45,1
49,54,1
49,65,1
49,67,1
49,70,1
49,77,1
49,78,1
49,80,1
49,81,1
49,82,1
49,83,1
49,84,1
49,85,1
49,89,1
49,91,1
49,92,1
49,93,1
49,95,1
49,100,1
49,110,1
49,120,1
49,134,1
49,136,1
49,137,1
49,138,1
49,142,1
49,143,1
49,144,1
49,151,1
49,152,1
49,155,1
49,159,1
49,160,1
49,161,1
49,162,1
49,173,1
49,174,1
49,178,1
49,179,1
49,180,1
49,181,1
49,183,1
49,190,1
49,193,1
49,194,1
49,195,1
49,196,1
49,197,1
49,200,1
49,206,1
49,217,1
49,220,1
49,230,1
49,234,1
49,238,1
49,246,1
49,247,1
49,248,1
49,259,1
49,260,1
49,267,1
49,280,1
49,281,1
49,282,1
49,283,1
49,284,1
49,286,1
49,294,1
49,299,1
49,301,1
49,302,1
49,303,1
49,304,1
49,307,1
49,309,1
49,310,1
49,317,1
49,319,1
49,320,1
49,325,1
49,329,1
49,331,1
49,332,1
49,336,1
49,338,1
49,339,1
49,340,1
49,341,1
49,342,1
49,353,1
49,355,1
49,356,1
49,357,1
49,360,1
49,362,1
49,364,1
49,365,1
49,366,1
49,368,1
49,375,1
49,376,1
50,4,1
50,9,1
50,27,1
50,30,1
50,31,1
50,63,1
50,70,1
50,71,1
50,72,1
50,73,1
50,86,1
50,87,1
50,90,1
50,96,1
50,103,1
50,110,1
50,113,1
50,132,1
50,134,1
50,140,1
50,162,1
50,163,1
50,164,1
50,168,1
50,185,1
50,195,1
50,198,1
50,211,1
50,212,1
50,237,1
50,239,1
50,240,1
50,242,1
50,255,1
50,272,1
50,299,1
50,300,1
50,306,1
50,324,1
50,327,1
50,335,1
50,345,1
50,346,1
50,351,1
50,354,1
50,360,1
50,361,1
50,371,1
50,372,1
50,377,1
51,93,1
51,94,1
51,162,1
51,164,1
51,202,1
51,274,1
51,376,1
52,9,1
52,14,1
52,20,1
52,22,1
52,30,1
52,33,1
52,45,1
52,46,1
52,47,1
52,48,1
52,49,1
52,50,1
52,51,1
52,52,1
52,53,1
52,54,1
52,55,1
52,56,1
52,58,1
52,59,1
52,60,1
52,63,1
52,64,1
52,65,1
52,67,1
52,70,1
52,72,1
52,73,1
52,83,1
52,84,1
52,85,1
52,91,1
52,93,1
52,94,1
52,95,1
52,116,1
52,117,1
52,118,1
52,119,1
52,129,1
52,134,1
52,139,1
52,140,1
52,142,1
52,143,1
52,144,1
52,148,1
52,156,1
52,164,1
52,177,1
52,193,1
52,200,1
52,205,1
52,206,1
52,207,1
52,221,1
52,222,1
52,245,1
52,249,1
52,250,1
52,251,1
52,257,1
52,258,1
52,259,1
52,260,1
52,290,1
52,291,1
52,292,1
52,303,1
52,313,1
52,325,1
52,335,1
52,338,1
52,339,1
52,340,1
52,341,1
52,346,1
52,364,1
53,0,1
53,1,1
53,13,1
53,14,1
53,15,1
53,16,1
53,17,1
53,21,1
53,22,1
53,23,1
53,24,1
53,25,1
53,27,1
53,28,1
53,32,1
53,33,1
53,34,1
53,35,1
53,36,1
53,37,1
53,38,1
53,39,1
53,40,1
53,41,1
53,42,1
53,43,1
53,44,1
53,52,1
53,54,1
53,58,1
53,61,1
53,62,1
53,63,1
53,64,1
53,65,1
53,67,1
53,68,1
53,70,1
53,71,1
53,72,1
53,73,1
53,74,1
53,75,1
53,76,1
53,77,1
53,78,1
53,79,1
53,80,1
53,81,1
53,82,1
53,83,1
53,84,1
53,85,1
53,87,1
53,88,1
53,91,1
53,92,1
53,93,1
53,94,1
53,95,1
53,100,1
53,103,1
53,104,1
53,106,1
53,110,1
53,120,1
53,121,1
53,122,1
53,124,1
53,125,1
53,126,1
53,127,1
53,128,1
53,129,1
53,130,1
53,131,1
53,132,1
53,133,1
53,134,1
53,135,1
53,136,1
53,137,1
53,138,1
53,141,1
53,142,1
53,143,1
53,144,1
53,145,1
53,146,1
53,147,1
53,148,1
53,150,1
53,151,1
53,152,1
53,153,1
53,154,1
53,155,1
53,156,1
53,157,1
53,158,1
53,159,1
53,160,1
53,161,1
53,163,1
53,164,1
53,165,1
53,166,1
53,167,1
53,168,1
53,171,1
53,172,1
53,173,1
53,174,1
53,175,1
53,176,1
53,179,1
53,180,1
53,181,1
53,183,1
53,184,1
53,185,1
53,186,1
53,188,1
53,189,1
53,190,1
53,191,1
53,192,1
53,193,1
53,194,1
53,195,1
53,196,1
53,197,1
53,198,1
53,199,1
53,200,1
53,201,1
53,203,1
53,205,1
53,206,1
53,207,1
53,208,1
53,210,1
53,213,1
53,215,1
53,216,1
53,217,1
53,219,1
53,220,1
53,221,1
53,222,1
53,223,1
53,225,1
53,226,1
53,229,1
53,233,1
53,234,1
53,236,1
53,238,1
53,245,1
53,246,1
53,248,1
53,249,1
53,251,1
53,252,1
53,253,1
53,254,1
53,258,1
53,259,1
53,260,1
53,270,1
53,271,1
53,273,1
53,278,1
53,279,1
53,280,1
53,284,1
53,289,1
53,290,1
53,291,1
53,292,1
53,295,1
53,297,1
53,298,1
53,301,1
53,302,1
53,303,1
53,304,1
53,305,1
53,308,1
53,309,1
53,310,1
53,312,1
53,313,1
53,314,1
53,315,1
53,316,1
53,317,1
53,318,1
53,319,1
53,320,1
53,321,1
53,322,1
53,323,1
53,324,1
53,325,1
53,326,1
53,327,1
53,328,1
53,329,1
53,330,1
53,331,1
53,332,1
53,333,1
53,334,1
53,336,1
53,338,1
53,339,1
53,341,1
53,342,1
53,347,1
53,349,1
53,350,1
53,351,1
53,352,1
53,353,1
53,355,1
53,356,1
53,357,1
53,360,1
53,362,1
53,363,1
53,364,1
53,365,1
53,366,1
53,367,1
53,369,1
53,374,1
53,375,1
53,376,1
54,96,1
54,194,1
54,195,1
55,1,1
55,2,1
55,21,1
55,22,1
55,23,1
55,30,1
55,49,1
55,50,1
55,51,1
55,53,1
55,54,1
55,55,1
55,58,1
55,59,1
55,63,1
55,64,1
55,68,1
55,86,1
55,87,1
55,98,1
55,99,1
55,100,1
55,101,1
55,102,1
55,103,1
55,104,1
55,105,1
55,106,1
55,107,1
55,109,1
55,110,1
55,119,1
55,124,1
55,125,1
55,126,1
55,128,1
55,129,1
55,130,1
55,131,1
55,132,1
55,133,1
55,141,1
55,142,1
55,143,1
55,144,1
55,145,1
55,146,1
55,161,1
55,163,1
55,165,1
55,168,1
55,169,1
55,170,1
55,172,1
55,175,1
55,185,1
55,186,1
55,198,1
55,201,1
55,205,1
55,206,1
55,207,1
55,219,1
55,221,1
55,224,1
55,237,1
55,239,1
55,240,1
55,241,1
55,242,1
55,250,1
55,252,1
55,253,1
55,255,1
55,257,1
55,258,1
55,284,1
55,300,1
55,301,1
55,306,1
55,324,1
55,328,1
55,333,1
55,335,1
55,338,1
55,339,1
55,340,1
55,341,1
55,346,1
55,347,1
55,348,1
55,351,1
55,352,1
55,354,1
55,355,1
55,356,1
55,357,1
55,360,1
55,367,1
55,376,1
55,377,1
56,0,1
56,1,1
56,2,1
56,3,1
56,4,1
56,5,1
56,6,1
56,10,1
56,11,1
56,12,1
56,13,1
56,14,1
56,15,1
56,16,1
56,17,1
56,18,1
56,19,1
56,20,1
56,21,1
56,22,1
56,23,1
56,24,1
56,25,1
56,26,1
56,27,1
56,28,1
56,29,1
56,31,1
56,32,1
56,33,1
56,34,1
56,35,1
56,36,1
56,37,1
56,38,1
56,39,1
56,40,1
56,41,1
56,42,1
56,43,1
56,44,1
56,45,1
56,48,1
56,49,1
56,50,1
56,51,1
56,52,1
56,53,1
56,54,1
56,55,1
56,56,1
56,57,1
56,58,1
56,59,1
56,60,1
56,61,1
56,62,1
56,63,1
56,64,1
56,65,1
56,66,1
56,67,1
56,68,1
56,69,1
56,70,1
56,71,1
56,72,1
56,73,1
56,74,1
56,75,1
56,77,1
56,78,1
56,79,1
56,80,1
56,81,1
56,82,1
56,83,1
56,84,1
56,85,1
56,86,1
56,87,1
56,88,1
56,89,1
56,90,1
56,91,1
56,92,1
56,93,1
56,94,1
56,95,1
56,96,1
56,98,1
56,99,1
56,100,1
56,101,1
56,102,1
56,103,1
56,104,1
56,105,1
56,106,1
56,107,1
56,109,1
56,110,1
56,111,1
56,113,1
56,114,1
56,115,1
56,116,1
56,118,1
56,119,1
56,120,1
56,121,1
56,122,1
56,123,1
56,124,1
56,125,1
56,126,1
56,127,1
56,128,1
56,129,1
56,130,1
56,131,1
56,132,1
56,133,1
56,134,1
56,135,1
56,136,1
56,137,1
56,138,1
56,139,1
56,140,1
56,141,1
56,142,1
56,143,1
56,144,1
56,145,1
56,146,1
56,147,1
56,148,1
56,149,1
56,150,1
56,151,1
56,152,1
56,153,1
56,154,1
56,155,1
56,156,1
56,157,1
56,158,1
56,159,1
56,160,1
56,161,1
56,162,1
56,163,1
56,164,1
56,165,1
56,166,1
56,167,1
56,168,1
56,169,1
56,170,1
56,171,1
56,172,1
56,173,1
56,174,1
56,175,1
56,176,1
56,177,1
56,178,1
56,179,1
56,180,1
56,181,1
56,182,1
56,183,1
56,184,1
56,185,1
56,186,1
56,187,1
56,188,1
56,189,1
56,190,1
56,191,1
56,192,1
56,193,1
56,194,1
56,195,1
56,196,1
56,197,1
56,198,1
56,199,1
56,200,1
56,201,1
56,202,1
56,203,1
56,204,1
56,205,1
56,206,1
56,207,1
56,208,1
56,209,1
56,210,1
56,211,1
56,212,1
56,213,1
56,214,1
56,215,1
56,216,1
56,217,1
56,219,1
56,220,1
56,221,1
56,222,1
56,223,1
56,224,1
56,225,1
56,226,1
56,227,1
56,228,1
56,229,1
56,232,1
56,234,1
56,235,1
56,236,1
56,237,1
56,238,1
56,241,1
56,242,1
56,243,1
56,244,1
56,245,1
56,246,1
56,247,1
56,248,1
56,249,1
56,250,1
56,251,1
56,252,1
56,253,1
56,254,1
56,255,1
56,256,1
56,257,1
56,258,1
56,259,1
56,260,1
56,262,1
56,266,1
56,267,1
56,268,1
56,269,1
56,270,1
56,271,1
56,272,1
56,273,1
56,275,1
56,276,1
56,278,1
56,279,1
56,280,1
56,281,1
56,282,1
56,283,1
56,284,1
56,285,1
56,286,1
56,287,1
56,288,1
56,289,1
56,290,1
56,291,1
56,292,1
56,293,1
56,294,1
56,295,1
56,296,1
56,297,1
56,298,1
56,299,1
56,301,1
56,302,1
56,303,1
56,304,1
56,306,1
56,307,1
56,308,1
56,309,1
56,310,1
56,311,1
56,312,1
56,313,1
56,314,1
56,315,1
56,316,1
56,317,1
56,318,1
56,319,1
56,320,1
56,321,1
56,322,1
56,323,1
56,324,1
56,325,1
56,326,1
56,327,1
56,328,1
56,329,1
56,330,1
56,331,1
56,332,1
56,333,1
56,334,1
56,335,1
56,336,1
56,337,1
56,338,1
56,339,1
56,340,1
56,341,1
56,342,1
56,343,1
56,344,1
56,345,1
56,347,1
56,348,1
56,349,1
56,350,1
56,351,1
56,352,1
56,353,1
56,354,1
56,355,1
56,356,1
56,357,1
56,359,1
56,360,1
56,361,1
56,362,1
56,363,1
56,364,1
56,365,1
56,366,1
56,367,1
56,369,1
56,371,1
56,372,1
56,373,1
56,374,1
56,375,1
56,376,1
56,378,1
57,0,1
57,1,1
57,2,1
57,11,1
57,13,1
57,14,1
57,15,1
57,16,1
57,17,1
57,20,1
57,21,1
57,22,1
57,23,1
57,24,1
57,25,1
57,27,1
57,28,1
57,31,1
57,32,1
57,33,1
57,34,1
57,35,1
57,36,1
57,37,1
57,38,1
57,39,1
57,40,1
57,41,1
57,42,1
57,43,1
57,44,1
57,52,1
57,53,1
57,54,1
57,58,1
57,61,1
57,62,1
57,63,1
57,64,1
57,65,1
57,67,1
57,68,1
57,70,1
57,71,1
57,72,1
57,73,1
57,74,1
57,75,1
57,76,1
57,77,1
57,78,1
57,79,1
57,80,1
57,81,1
57,82,1
57,83,1
57,84,1
57,85,1
57,86,1
57,87,1
57,88,1
57,91,1
57,92,1
57,93,1
57,94,1
57,95,1
57,100,1
57,102,1
57,103,1
57,104,1
57,106,1
57,109,1
57,110,1
57,118,1
57,120,1
57,121,1
57,122,1
57,123,1
57,124,1
57,125,1
57,126,1
57,127,1
57,128,1
57,129,1
57,130,1
57,131,1
57,132,1
57,133,1
57,134,1
57,135,1
57,136,1
57,137,1
57,138,1
57,141,1
57,142,1
57,143,1
57,144,1
57,145,1
57,146,1
57,147,1
57,148,1
57,149,1
57,150,1
57,152,1
57,153,1
57,154,1
57,155,1
57,156,1
57,157,1
57,158,1
57,159,1
57,160,1
57,161,1
57,163,1
57,164,1
57,165,1
57,166,1
57,167,1
57,168,1
57,171,1
57,172,1
57,173,1
57,174,1
57,175,1
57,176,1
57,179,1
57,180,1
57,181,1
57,182,1
57,183,1
57,184,1
57,185,1
57,186,1
57,189,1
57,190,1
57,191,1
57,192,1
57,193,1
57,194,1
57,195,1
57,196,1
57,197,1
57,198,1
57,199,1
57,200,1
57,201,1
57,202,1
57,203,1
57,205,1
57,206,1
57,207,1
57,208,1
57,210,1
57,213,1
57,215,1
57,216,1
57,217,1
57,219,1
57,220,1
57,221,1
57,222,1
57,223,1
57,224,1
57,225,1
57,226,1
57,229,1
57,234,1
57,236,1
57,238,1
57,245,1
57,246,1
57,247,1
57,248,1
57,249,1
57,250,1
57,251,1
57,252,1
57,253,1
57,254,1
57,255,1
57,258,1
57,259,1
57,260,1
57,270,1
57,271,1
57,273,1
57,278,1
57,279,1
57,280,1
57,282,1
57,284,1
57,289,1
57,290,1
57,291,1
57,292,1
57,295,1
57,297,1
57,298,1
57,301,1
57,302,1
57,303,1
57,304,1
57,305,1
57,307,1
57,308,1
57,309,1
57,310,1
57,312,1
57,313,1
57,314,1
57,315,1
57,316,1
57,317,1
57,318,1
57,319,1
57,320,1
57,321,1
57,322,1
57,323,1
57,324,1
57,325,1
57,326,1
57,327,1
57,329,1
57,330,1
57,331,1
57,332,1
57,333,1
57,334,1
57,336,1
57,338,1
57,339,1
57,341,1
57,342,1
57,347,1
57,349,1
57,350,1
57,351,1
57,352,1
57,353,1
57,355,1
57,356,1
57,357,1
57,359,1
57,360,1
57,362,1
57,363,1
57,364,1
57,365,1
57,366,1
57,367,1
57,369,1
57,374,1
57,375,1
57,376,1
58,0,1
58,1,1
58,2,1
58,3,1
58,4,1
58,5,1
58,6,1
58,7,1
58,8,1
58,9,1
58,13,1
58,14,1
58,15,1
58,16,1
58,17,1
58,19,1
58,20,1
58,21,1
58,22,1
58,23,1
58,24,1
58,25,1
58,26,1
58,27,1
58,28,1
58,29,1
58,31,1
58,32,1
58,33,1
58,34,1
58,35,1
58,36,1
58,37,1
58,38,1
58,39,1
58,40,1
58,41,1
58,42,1
58,43,1
58,44,1
58,45,1
58,50,1
58,52,1
58,53,1
58,54,1
58,61,1
58,62,1
58,64,1
58,65,1
58,66,1
58,67,1
58,68,1
58,69,1
58,71,1
58,78,1
58,79,1
58,80,1
58,81,1
58,82,1
58,83,1
58,84,1
58,85,1
58,86,1
58,87,1
58,88,1
58,89,1
58,90,1
58,91,1
58,92,1
58,93,1
58,94,1
58,96,1
58,98,1
58,99,1
58,100,1
58,101,1
58,102,1
58,103,1
58,104,1
58,106,1
58,107,1
58,108,1
58,109,1
58,110,1
58,111,1
58,113,1
58,114,1
58,115,1
58,118,1
58,119,1
58,120,1
58,121,1
58,122,1
58,123,1
58,124,1
58,125,1
58,126,1
58,127,1
58,128,1
58,129,1
58,130,1
58,131,1
58,132,1
58,133,1
58,134,1
58,135,1
58,136,1
58,137,1
58,138,1
58,141,1
58,142,1
58,143,1
58,144,1
58,145,1
58,146,1
58,147,1
58,148,1
58,149,1
58,152,1
58,153,1
58,154,1
58,155,1
58,156,1
58,157,1
58,158,1
58,159,1
58,160,1
58,161,1
58,162,1
58,163,1
58,164,1
58,165,1
58,166,1
58,167,1
58,168,1
58,169,1
58,170,1
58,172,1
58,173,1
58,174,1
58,175,1
58,176,1
58,178,1
58,179,1
58,180,1
58,181,1
58,182,1
58,183,1
58,184,1
58,185,1
58,186,1
58,189,1
58,190,1
58,191,1
58,192,1
58,193,1
58,194,1
58,195,1
58,196,1
58,197,1
58,198,1
58,199,1
58,200,1
58,201,1
58,202,1
58,203,1
58,206,1
58,208,1
58,209,1
58,210,1
58,212,1
58,213,1
58,214,1
58,215,1
58,216,1
58,217,1
58,219,1
58,220,1
58,223,1
58,224,1
58,225,1
58,226,1
58,229,1
58,230,1
58,233,1
58,234,1
58,235,1
58,236,1
58,238,1
58,242,1
58,243,1
58,244,1
58,245,1
58,246,1
58,247,1
58,248,1
58,249,1
58,250,1
58,252,1
58,253,1
58,255,1
58,257,1
58,259,1
58,260,1
58,267,1
58,271,1
58,274,1
58,275,1
58,276,1
58,278,1
58,279,1
58,280,1
58,281,1
58,282,1
58,283,1
58,284,1
58,285,1
58,286,1
58,289,1
58,290,1
58,291,1
58,292,1
58,293,1
58,294,1
58,296,1
58,297,1
58,298,1
58,299,1
58,301,1
58,304,1
58,306,1
58,307,1
58,308,1
58,309,1
58,310,1
58,311,1
58,312,1
58,314,1
58,315,1
58,316,1
58,317,1
58,318,1
58,319,1
58,320,1
58,322,1
58,323,1
58,324,1
58,325,1
58,326,1
58,327,1
58,328,1
58,329,1
58,331,1
58,332,1
58,333,1
58,334,1
58,335,1
58,336,1
58,337,1
58,338,1
58,339,1
58,340,1
58,341,1
58,342,1
58,343,1
58,345,1
58,346,1
58,347,1
58,348,1
58,351,1
58,352,1
58,353,1
58,354,1
58,355,1
58,356,1
58,359,1
58,360,1
58,361,1
58,362,1
58,363,1
58,364,1
58,365,1
58,366,1
58,367,1
58,369,1
58,371,1
58,372,1
58,373,1
58,374,1
58,375,1
58,376,1
58,378,1
59,0,1
59,8,1
59,9,1
59,24,1
59,30,1
59,31,1
59,32,1
59,33,1
59,64,1
59,65,1
59,66,1
59,67,1
59,70,1
59,71,1
59,72,1
59,73,1
59,74,1
59,75,1
59,76,1
59,77,1
59,78,1
59,93,1
59,94,1
59,95,1
59,96,1
59,111,1
59,113,1
59,134,1
59,137,1
59,166,1
59,167,1
59,168,1
59,196,1
59,197,1
59,205,1
59,206,1
59,218,1
59,227,1
59,238,1
59,261,1
59,262,1
59,263,1
59,264,1
59,265,1
59,266,1
59,267,1
59,271,1
59,272,1
59,273,1
59,274,1
59,292,1
59,302,1
59,303,1
59,306,1
59,307,1
59,329,1
59,331,1
59,332,1
59,338,1
59,339,1
59,341,1
59,354,1
59,358,1
59,360,1
59,376,1
60,0,1
60,1,1
60,2,1
60,3,1
60,4,1
60,7,1
60,8,1
60,9,1
60,13,1
60,14,1
60,15,1
60,16,1
60,17,1
60,20,1
60,21,1
60,22,1
60,23,1
60,24,1
60,25,1
60,27,1
60,28,1
60,29,1
60,30,1
60,31,1
60,34,1
60,35,1
60,36,1
60,37,1
60,38,1
60,39,1
60,40,1
60,41,1
60,43,1
60,44,1
60,45,1
60,52,1
60,54,1
60,56,1
60,58,1
60,60,1
60,61,1
60,63,1
60,64,1
60,65,1
60,67,1
60,68,1
60,69,1
60,77,1
60,78,1
60,79,1
60,80,1
60,81,1
60,82,1
60,83,1
60,84,1
60,85,1
60,86,1
60,87,1
60,88,1
60,89,1
60,91,1
60,92,1
60,94,1
60,96,1
60,97,1
60,98,1
60,99,1
60,100,1
60,101,1
60,103,1
60,104,1
60,105,1
60,106,1
60,107,1
60,109,1
60,110,1
60,113,1
60,116,1
60,118,1
60,119,1
60,120,1
60,121,1
60,122,1
60,123,1
60,124,1
60,125,1
60,126,1
60,127,1
60,128,1
60,129,1
60,130,1
60,131,1
60,132,1
60,133,1
60,134,1
60,135,1
60,137,1
60,138,1
60,141,1
60,142,1
60,143,1
60,144,1
60,145,1
60,146,1
60,148,1
60,149,1
60,150,1
60,151,1
60,152,1
60,153,1
60,154,1
60,155,1
60,156,1
60,157,1
60,158,1
60,159,1
60,160,1
60,161,1
60,162,1
60,163,1
60,164,1
60,165,1
60,167,1
60,168,1
60,169,1
60,170,1
60,171,1
60,172,1
60,173,1
60,174,1
60,175,1
60,176,1
60,180,1
60,181,1
60,182,1
60,183,1
60,184,1
60,189,1
60,190,1
60,191,1
60,192,1
60,194,1
60,195,1
60,196,1
60,197,1
60,198,1
60,200,1
60,201,1
60,202,1
60,203,1
60,205,1
60,206,1
60,207,1
60,208,1
60,209,1
60,210,1
60,217,1
60,219,1
60,220,1
60,221,1
60,222,1
60,225,1
60,227,1
60,228,1
60,229,1
60,230,1
60,231,1
60,232,1
60,233,1
60,234,1
60,235,1
60,236,1
60,243,1
60,244,1
60,246,1
60,247,1
60,248,1
60,249,1
60,250,1
60,251,1
60,252,1
60,253,1
60,255,1
60,257,1
60,258,1
60,259,1
60,260,1
60,266,1
60,267,1
60,271,1
60,273,1
60,274,1
60,278,1
60,280,1
60,281,1
60,282,1
60,283,1
60,284,1
60,286,1
60,292,1
60,293,1
60,294,1
60,295,1
60,297,1
60,298,1
60,299,1
60,301,1
60,302,1
60,303,1
60,304,1
60,305,1
60,306,1
60,307,1
60,308,1
60,309,1
60,310,1
60,311,1
60,313,1
60,314,1
60,315,1
60,316,1
60,318,1
60,319,1
60,320,1
60,321,1
60,322,1
60,323,1
60,324,1
60,325,1
60,326,1
60,327,1
60,328,1
60,329,1
60,330,1
60,331,1
60,332,1
60,333,1
60,335,1
60,336,1
60,337,1
60,338,1
60,339,1
60,340,1
60,341,1
60,342,1
60,344,1
60,346,1
60,347,1
60,348,1
60,349,1
60,350,1
60,352,1
60,353,1
60,354,1
60,355,1
60,356,1
60,357,1
60,359,1
60,360,1
60,361,1
60,362,1
60,364,1
60,365,1
60,366,1
60,367,1
60,369,1
60,370,1
60,374,1
60,375,1
60,376,1
60,377,1
60,378,1
61,3,1
61,21,1
61,22,1
61,23,1
61,54,1
61,58,1
61,64,1
61,65,1
61,66,1
61,67,1
61,68,1
61,86,1
61,87,1
61,96,1
61,110,1
61,129,1
61,130,1
61,131,1
61,134,1
61,145,1
61,155,1
61,156,1
61,165,1
61,168,1
61,172,1
61,186,1
61,198,1
61,201,1
61,249,1
61,252,1
61,253,1
61,284,1
61,327,1
61,355,1
61,356,1
61,357,1
61,376,1
62,24,1
62,35,1
62,36,1
62,38,1
62,40,1
62,83,1
62,85,1
62,89,1
62,133,1
62,138,1
62,159,1
62,160,1
62,161,1
62,168,1
62,173,1
62,183,1
62,206,1
62,278,1
62,279,1
62,280,1
62,285,1
62,309,1
62,310,1
62,325,1
62,352,1
62,362,1
62,366,1
63,0,1
63,1,1
63,2,1
63,3,1
63,7,1
63,13,1
63,14,1
63,15,1
63,16,1
63,17,1
63,20,1
63,21,1
63,22,1
63,23,1
63,24,1
63,25,1
63,27,1
63,28,1
63,29,1
63,32,1
63,34,1
63,35,1
63,36,1
63,37,1
63,43,1
63,46,1
63,47,1
63,58,1
63,59,1
63,60,1
63,61,1
63,68,1
63,69,1
63,82,1
63,85,1
63,86,1
63,87,1
63,88,1
63,91,1
63,98,1
63,99,1
63,100,1
63,101,1
63,103,1
63,105,1
63,106,1
63,107,1
63,109,1
63,110,1
63,112,1
63,118,1
63,120,1
63,122,1
63,123,1
63,124,1
63,125,1
63,126,1
63,127,1
63,128,1
63,129,1
63,130,1
63,131,1
63,132,1
63,133,1
63,134,1
63,135,1
63,137,1
63,141,1
63,146,1
63,147,1
63,149,1
63,152,1
63,153,1
63,154,1
63,157,1
63,158,1
63,159,1
63,160,1
63,161,1
63,164,1
63,165,1
63,166,1
63,167,1
63,168,1
63,169,1
63,170,1
63,171,1
63,172,1
63,174,1
63,175,1
63,176,1
63,180,1
63,181,1
63,182,1
63,183,1
63,184,1
63,185,1
63,186,1
63,187,1
63,189,1
63,190,1
63,191,1
63,192,1
63,194,1
63,195,1
63,198,1
63,199,1
63,200,1
63,201,1
63,202,1
63,203,1
63,206,1
63,207,1
63,208,1
63,209,1
63,210,1
63,213,1
63,214,1
63,215,1
63,216,1
63,217,1
63,219,1
63,221,1
63,222,1
63,226,1
63,232,1
63,234,1
63,243,1
63,244,1
63,245,1
63,246,1
63,247,1
63,248,1
63,249,1
63,250,1
63,252,1
63,253,1
63,259,1
63,260,1
63,271,1
63,273,1
63,278,1
63,279,1
63,280,1
63,284,1
63,289,1
63,297,1
63,298,1
63,301,1
63,302,1
63,303,1
63,304,1
63,305,1
63,307,1
63,311,1
63,314,1
63,315,1
63,316,1
63,320,1
63,322,1
63,323,1
63,324,1
63,325,1
63,327,1
63,329,1
63,330,1
63,331,1
63,332,1
63,337,1
63,338,1
63,339,1
63,340,1
63,341,1
63,342,1
63,343,1
63,344,1
63,345,1
63,347,1
63,348,1
63,349,1
63,351,1
63,352,1
63,353,1
63,355,1
63,356,1
63,357,1
63,360,1
63,361,1
63,362,1
63,366,1
63,367,1
63,369,1
63,370,1
63,374,1
63,375,1
63,376,1
63,377,1
64,2,1
64,25,1
64,68,1
64,86,1
64,98,1
64,106,1
64,128,1
64,133,1
64,168,1
64,175,1
64,239,1
64,240,1
64,252,1
64,253,1
64,327,1
64,374,1
65,1,1
65,2,1
65,3,1
65,7,1
65,8,1
65,9,1
65,13,1
65,14,1
65,22,1
65,23,1
65,25,1
65,27,1
65,31,1
65,34,1
65,54,1
65,63,1
65,68,1
65,69,1
65,73,1
65,86,1
65,87,1
65,90,1
65,96,1
65,98,1
65,99,1
65,100,1
65,101,1
65,102,1
65,103,1
65,104,1
65,105,1
65,106,1
65,107,1
65,109,1
65,110,1
65,111,1
65,112,1
65,113,1
65,116,1
65,124,1
65,125,1
65,126,1
65,127,1
65,128,1
65,129,1
65,130,1
65,131,1
65,132,1
65,133,1
65,134,1
65,141,1
65,146,1
65,147,1
65,155,1
65,157,1
65,165,1
65,168,1
65,172,1
65,174,1
65,175,1
65,182,1
65,183,1
65,184,1
65,185,1
65,186,1
65,194,1
65,195,1
65,198,1
65,201,1
65,202,1
65,203,1
65,205,1
65,206,1
65,211,1
65,212,1
65,252,1
65,253,1
65,259,1
65,260,1
65,284,1
65,299,1
65,301,1
65,306,1
65,307,1
65,310,1
65,318,1
65,322,1
65,323,1
65,324,1
65,327,1
65,328,1
65,333,1
65,334,1
65,344,1
65,347,1
65,348,1
65,351,1
65,354,1
65,361,1
65,363,1
65,366,1
65,367,1
65,371,1
65,374,1
65,376,1
65,377,1
66,0,1
66,1,1
66,2,1
66,3,1
66,4,1
66,7,1
66,13,1
66,14,1
66,15,1
66,17,1
66,21,1
66,22,1
66,23,1
66,24,1
66,25,1
66,28,1
66,34,1
66,35,1
66,36,1
66,37,1
66,38,1
66,42,1
66,43,1
66,44,1
66,50,1
66,52,1
66,54,1
66,58,1
66,61,1
66,64,1
66,65,1
66,67,1
66,68,1
66,72,1
66,73,1
66,77,1
66,78,1
66,81,1
66,82,1
66,83,1
66,85,1
66,86,1
66,87,1
66,88,1
66,91,1
66,92,1
66,94,1
66,98,1
66,99,1
66,100,1
66,103,1
66,106,1
66,109,1
66,110,1
66,118,1
66,120,1
66,121,1
66,122,1
66,123,1
66,124,1
66,125,1
66,126,1
66,127,1
66,128,1
66,129,1
66,130,1
66,131,1
66,132,1
66,133,1
66,135,1
66,136,1
66,137,1
66,138,1
66,139,1
66,140,1
66,141,1
66,142,1
66,143,1
66,144,1
66,145,1
66,146,1
66,148,1
66,149,1
66,150,1
66,152,1
66,153,1
66,154,1
66,155,1
66,156,1
66,157,1
66,158,1
66,159,1
66,160,1
66,161,1
66,162,1
66,164,1
66,165,1
66,166,1
66,167,1
66,168,1
66,171,1
66,172,1
66,173,1
66,174,1
66,175,1
66,176,1
66,179,1
66,180,1
66,181,1
66,183,1
66,184,1
66,185,1
66,186,1
66,189,1
66,190,1
66,191,1
66,192,1
66,193,1
66,194,1
66,195,1
66,196,1
66,197,1
66,198,1
66,200,1
66,201,1
66,202,1
66,203,1
66,207,1
66,208,1
66,209,1
66,210,1
66,213,1
66,215,1
66,216,1
66,217,1
66,219,1
66,220,1
66,221,1
66,222,1
66,224,1
66,238,1
66,244,1
66,245,1
66,246,1
66,248,1
66,249,1
66,250,1
66,251,1
66,252,1
66,253,1
66,254,1
66,255,1
66,258,1
66,259,1
66,260,1
66,271,1
66,273,1
66,278,1
66,279,1
66,280,1
66,284,1
66,289,1
66,290,1
66,291,1
66,292,1
66,293,1
66,297,1
66,298,1
66,301,1
66,302,1
66,304,1
66,305,1
66,307,1
66,311,1
66,312,1
66,313,1
66,314,1
66,315,1
66,316,1
66,317,1
66,318,1
66,319,1
66,320,1
66,321,1
66,322,1
66,323,1
66,324,1
66,325,1
66,327,1
66,329,1
66,330,1
66,331,1
66,332,1
66,333,1
66,334,1
66,336,1
66,338,1
66,342,1
66,345,1
66,347,1
66,348,1
66,351,1
66,352,1
66,353,1
66,355,1
66,356,1
66,357,1
66,359,1
66,360,1
66,361,1
66,362,1
66,363,1
66,364,1
66,365,1
66,366,1
66,367,1
66,369,1
66,374,1
66,376,1
66,378,1
67,31,1
67,49,1
67,55,1
67,63,1
67,68,1
67,86,1
67,129,1
67,131,1
67,132,1
67,165,1
67,252,1
67,253,1
67,367,1
67,376,1
67,377,1
